date,DISTSIM_BENCH.active_cores,DISTSIM_BENCH.benchmark_grp,DISTSIM_BENCH.benchmark_id,DISTSIM_BENCH.benchtime_ms,DISTSIM_BENCH.dataprocessed,DISTSIM_BENCH.host_CPI,DISTSIM_BENCH.host_L2_BW,DISTSIM_BENCH.host_L3_BW,DISTSIM_BENCH.host_L3_SYSTEM_BW,DISTSIM_BENCH.host_MEM_BW,DISTSIM_BENCH.host_context_switch,DISTSIM_BENCH.host_cpupercent,DISTSIM_BENCH.host_disk_io,DISTSIM_BENCH.host_disk_io_time,DISTSIM_BENCH.host_disk_weighted_io_time,DISTSIM_BENCH.host_memory,DISTSIM_BENCH.host_network,DISTSIM_BENCH.host_pagefault,DISTSIM_BENCH.host_sched_iowait,DISTSIM_BENCH.host_sched_wait,DISTSIM_BENCH.interference,DISTSIM_BENCH.interference-0,DISTSIM_BENCH.interference-1,DISTSIM_BENCH.interval,DISTSIM_BENCH.latency,DISTSIM_BENCH.latency90,DISTSIM_BENCH.memory_limit,DISTSIM_BENCH.process_dur_ms,DISTSIM_BENCH.throughput,DISTSIM_BENCH.total_dur_ms,DISTSIM_BENCH.web_IPC,DISTSIM_BENCH.web_cpupercent,DISTSIM_BENCH.web_memory,DISTSIM_BENCH.weighted_latency
32:21.5,2,1553790712,prev,1.55379E+12,FALSE,3,23055003400,11527501400,28.792,14.384,3706.31,1.862,9.76,17.6,23.6,3666.855,0.632,0,0,0,,,,5,0.001,0.001,32,46.131,1,63.865,,,,0.001
32:27.1,2,1553790712,parsec.dedup,1.55379E+12,FALSE,3,23055018800,11527510400,25.809,12.492,32112.098,9.825,886.407,96.001,2636.821,3669.578,0.901,0,0,0,,,,5,0.343,0.367,32,43.424,8,49.597,,,,0.172
32:32.1,2,1553790712,parsec.dedup,1.55379E+12,FALSE,3,23055157200,11527574200,271.583,133.149,31755.979,9.383,10.88,12.8,16,3704.234,0.856,0,0,0,,,,5,0.35,0.366,32,41.818,7,48.253,,,,0.175
32:37.6,2,1553790712,parsec.dedup,1.55379E+12,FALSE,3,23042042800,11521019800,307.006,160.212,35128.37,10.382,12.8,15.2,16.8,3669.031,1.018,0,0,0,,,,5,0.342,0.359,32,34.366,8,39.483,,,,0.171
32:43.4,2,1553790712,parsec.dedup,1.55379E+12,FALSE,3,23055090800,11527553800,317.791,155.592,33349.777,10.417,465.278,72,1744.797,3669.797,0.821,0,0,0,,,,5,0.364,0.41,32,33.062,8,42.181,,,,0.182
32:48.9,2,1553790712,parsec.dedup,1.55379E+12,FALSE,3,23055326000,11527663600,300.411,150.764,31932.296,9.598,13.76,24,30.4,3669.391,0.879,0,0,0,,,,5,0.346,0.362,32,45.409,8,51.791,,,,0.173
32:54.4,2,1553790712,parsec.dedup,1.55379E+12,FALSE,3,23055326000,11527663600,300.411,150.764,32781.515,13.744,9.44,19.2,24.8,3699.086,1.734,0,0,0,,,,5,0.357,0.391,32,32.387,8,39.132,,,,0.178
33:00.1,2,1553790712,parsec.dedup,1.55379E+12,FALSE,3,23055235800,11527610000,393.059,224.199,41120.67,33.234,456.798,72.799,1898.383,3704.09,98.706,0,0,0,,,,5,0.365,0.403,32,55.789,8,68.347,,,,0.182
33:05.4,2,1553790712,parsec.dedup,1.55379E+12,FALSE,3,23055017200,11527536600,705.865,472.648,39858.873,61.072,24,19.2,21.6,3699.883,225.712,0,0,0,,,,5,0.401,0.436,32,33.545,7,38.533,,,,0.201
33:10.9,2,1553790712,parsec.dedup,1.55379E+12,FALSE,3,23054166000,11527080800,883.722,632.246,38901.524,72.808,9.12,24.8,30.4,3665.895,254.857,0,0,0,,,,5,0.407,0.418,32,85.913,7,95.069,,,,0.203
33:16.5,2,1553790712,parsec.dedup,1.55379E+12,FALSE,3,23054166000,11527080800,883.722,632.246,38928.744,91.082,85.121,35.6,608.804,3709.752,304.245,0,0,0,,,,5,0.417,0.461,32,49.815,7,60.583,,,,0.208
33:22.0,2,1553790712,parsec.dedup,1.55379E+12,FALSE,3,23055096000,11527592800,1132.476,883.954,37853.792,92.752,175.519,60,1147.191,3705.242,376.532,0,0,0,,,,5,0.418,0.447,32,40.984,7,52.988,,,,0.209
33:27.5,2,1553790712,parsec.dedup,1.55379E+12,FALSE,3,22990882900,11495436000,1109.086,860.059,36333.377,92.349,15.2,24.8,38.4,3753.109,366.027,0,0,0,,,,5,0.414,0.425,32,49.472,7,61.036,,,,0.207
33:32.9,2,1553790712,parsec.dedup,1.55379E+12,FALSE,3,22926338200,11463167800,1092.08,848.405,40457.802,92.308,615.041,76.8,2969.61,3725.035,376.63,0,0,0,,,,5,0.41,0.425,32,39.462,7,45.269,,,,0.205
33:38.0,2,1553790712,parsec.dedup,1.55379E+12,FALSE,3,23055351200,11527689600,1116.059,864.701,39013.812,80.045,15.998,70.392,206.376,3769.195,444.264,0,0,0,,,,5,0.387,0.412,32,49.66,7,59.479,,,,0.194
33:43.5,2,1553790712,parsec.dedup,1.55379E+12,FALSE,3,23055376600,11527683400,531.472,342.255,41079.4,33.882,16.801,20.002,23.202,3769.395,85.405,0,0,0,,,,5,0.371,0.398,32,42.021,8,53.666,,,,0.185
33:49.1,2,1553790712,parsec.dedup,1.55379E+12,FALSE,3,23055376600,11527683400,531.472,342.255,41068.456,24.875,156.323,44.001,1016.82,3733.754,53.701,0,0,0,,,,5,0.356,0.39,32,59.575,8,70.461,,,,0.178
33:54.5,2,1553790712,parsec.dedup,1.55379E+12,FALSE,3,23053245400,11526616800,441.165,269.344,40477.663,25.025,23.68,33.6,52,3731.234,52.644,0,0,0,,,,5,0.362,0.391,32,49.805,8,58.405,,,,0.181
34:00.2,2,1553790712,parsec.dedup,1.55379E+12,FALSE,3,23054369800,11527179800,449.917,273.947,39722.954,26.42,839.207,87.201,4000.836,3728.539,41.422,0,0,0,,,,5,0.348,0.37,32,43.571,8,55.238,,,,0.174
34:05.6,2,1553790712,parsec.dedup,1.55379E+12,FALSE,3,23055262600,11527618200,454.017,278.023,41741.269,24.623,13.92,16.8,20,3769.902,48.98,0,0,0,,,,5,0.35,0.372,32,41.271,8,51.639,,,,0.175
34:11.1,2,1553790712,parsec.dedup,1.55379E+12,FALSE,3,23055262600,11527618200,454.017,278.023,40023.127,25.989,8.8,10.4,12.8,3701.102,49.335,0,0,0,,,,5,0.352,0.371,32,42.891,8,53.887,,,,0.176
34:16.6,2,1553790712,parsec.dedup,1.55379E+12,FALSE,3,23054842200,11527409000,451.295,280.897,39959.36,23.919,15.359,23.998,31.197,3737.586,43.817,0,0,0,,,,5,0.362,0.403,32,43.127,8,52.1,,,,0.181
34:22.0,2,1553790712,parsec.dedup,1.55379E+12,FALSE,3,23055148600,11527561200,429.795,272.441,41440.412,24.635,12.959,20.799,23.998,3734.879,44.311,0,0,0,,,,5,0.362,0.409,32,39.453,8,45.784,,,,0.181
34:27.5,2,1553790712,parsec.dedup,1.55379E+12,FALSE,3,23054924600,11527446600,449.848,278.033,39498.029,22.522,47.528,38.406,834.534,3697.355,46.893,0,0,0,,,,5,0.349,0.373,32,91.448,8,102.88,,,,0.174
34:33.0,2,1553790712,parsec.dedup,1.55379E+12,FALSE,1.234,1903.955,396.345,405.853,251.237,40071.114,24.083,23.04,26.4,405.593,3735.359,44.181,0,0,0,,,,5,0.361,0.398,32,50.945,8,61.052,,,,0.18
34:38.4,2,1553790712,parsec.dedup,1.55379E+12,FALSE,3,23055057000,11527514200,423.688,248.628,42222.585,22.711,436.166,60.001,1184.014,3740.16,31.004,0,0,0,,,,5,0.362,0.418,32,30.667,8,36.703,,,,0.181
34:43.7,2,1553790712,parsec.dedup,1.55379E+12,FALSE,3,23054861200,11527423400,412.13,234.655,39004.155,20.274,9.12,16,18.4,3703.473,35.574,0,0,0,,,,5,0.35,0.371,32,40.674,8,51.768,,,,0.175
34:49.4,2,1553790712,parsec.dedup,1.55379E+12,FALSE,3,23054861200,11527423400,412.13,234.655,40553.627,19.92,12.8,20.801,24.801,3738.41,31.214,0,0,0,,,,5,0.356,0.396,32,45.152,8,53.486,,,,0.178
34:54.9,2,1553790712,parsec.dedup,1.55379E+12,FALSE,3,23055195200,11527594200,394.897,237.029,40029.553,21.136,841.892,75.997,2622.309,3740.844,32.539,0,0,0,,,,5,0.347,0.372,32,45.15,8,54.518,,,,0.173
34:59.9,2,1553790712,parsec.dedup,1.55379E+12,FALSE,3,23054918000,11527454400,406.908,238.218,39036.598,20.319,12.96,16.8,21.6,3702.652,32.755,0,0,0,,,,5,0.356,0.374,32,40.825,7,50.494,,,,0.178
35:05.7,2,1553790712,parsec.dedup,1.55379E+12,FALSE,3,23055286600,11527646600,380.753,227.419,37679.029,19.12,9.28,16.8,18.4,3702.316,31.345,0,0,0,,,,5,0.361,0.403,32,42.071,8,50.162,,,,0.18
35:10.8,2,1553790712,parsec.dedup,1.55379E+12,FALSE,3,23055286600,11527646600,380.753,227.419,38441.897,20.279,12.96,16,17.6,3739.063,32.361,0,0,0,,,,5,0.376,0.407,32,38.361,7,49.587,,,,0.188
35:16.3,2,1553790712,parsec.dedup,1.55379E+12,FALSE,3,23055199200,11527593200,392.977,241.407,36824.673,21.387,849.135,72.001,2649.648,3735.668,36.148,0,0,0,,,,5,0.351,0.374,32,43.07,8,53.609,,,,0.175
35:21.6,2,1553790712,parsec.dedup,1.55379E+12,FALSE,3,23055282200,11527628400,393.423,216.548,37968.701,18.206,20.16,25.6,31.2,3738.258,24.155,0,0,0,,,,5,0.346,0.362,32,45.009,8,50.721,,,,0.173
35:27.1,2,1553790712,parsec.dedup,1.55379E+12,FALSE,3,23054873000,11527418200,395.342,226.912,40999.762,18.599,13.12,17.6,18.4,3741.426,27.518,0,0,0,,,,5,0.356,0.374,32,50.611,8,56.397,,,,0.178
35:32.5,2,1553790712,parsec.dedup,1.55379E+12,FALSE,3,23055045400,11527510100,388.996,223.22,39757.22,20.084,52.48,69.6,1167.998,3703.008,28.925,0,0,0,,,,5,0.352,0.389,32,56.807,8,70.743,,,,0.176
35:38.1,2,1553790712,parsec.dedup,1.55379E+12,FALSE,3,23055232400,11527594400,398.118,231.937,40367.468,20.618,457.602,70.4,2638.417,3736.793,29.944,0,0,0,,,,5,0.359,0.392,32,45.356,8,54.082,,,,0.179
35:43.1,2,1553790712,parsec.dedup,1.55379E+12,FALSE,3,23055232400,11527594400,398.118,231.937,39195.043,17.16,10.88,13.6,14.4,3738.891,24.684,0,0,0,,,,5,0.364,0.426,32,42.677,7,55.825,,,,0.182
35:48.7,2,1553790712,parsec.dedup,1.55379E+12,FALSE,3,23055171800,11527573400,383.538,224.024,36689.185,18.644,12.8,14.4,16,3736.969,25.81,0,0,0,,,,5,0.349,0.371,32,46.347,8,57.198,,,,0.174
35:54.0,2,1553790712,parsec.dedup,1.55379E+12,FALSE,3,23055152000,11527565200,380.248,220.425,40612.506,19.473,459.682,68.8,1949.612,3739.684,29.714,0,0,0,,,,5,0.349,0.394,32,44.578,8,59.184,,,,0.174
35:59.4,2,1553790712,parsec.dedup,1.55379E+12,FALSE,3,23021203800,11510586800,394.545,218.292,36670.739,18.217,14.4,20.8,23.2,3732.164,27.235,0,0,0,,,,5,0.34,0.363,32,47.602,8,62.546,,,,0.17
36:04.4,2,1553790712,parsec.dedup,1.55379E+12,FALSE,3,23021203800,11510586800,394.545,218.292,41889.91,19.806,17.6,19.2,22.4,3740.34,25.154,0,0,0,,,,5,0.371,0.395,32,43.129,7,49.202,,,,0.185
36:10.0,2,1553790712,parsec.dedup,1.55379E+12,FALSE,3,23054036600,11527015000,396.423,217.16,36704.126,18.699,838.743,69.602,3226.494,3739.707,27.374,0,0,0,,,,5,0.368,0.421,32,39.722,8,46.028,,,,0.184
36:15.4,2,1553790712,parsec.dedup,1.55379E+12,FALSE,3,23055277800,11527626800,383.18,223.086,39494.893,19.693,19.2,27.199,34.399,3739.344,30.452,0,0,0,,,,5,0.345,0.37,32,31.364,8,36.716,,,,0.172
36:21.0,2,1553790712,parsec.dedup,1.55379E+12,FALSE,3,23054941400,11527461800,387.306,224.332,36977.582,18.732,13.28,29.6,36,3705.637,26.943,0,0,0,,,,5,0.362,0.406,32,48.193,8,54.67,,,,0.181
36:26.6,2,1553790712,parsec.dedup,1.55379E+12,FALSE,3,23054941400,11527461800,387.306,224.332,38272.923,20.282,465.915,60.8,1439.189,3735.938,28.97,0,0,0,,,,5,0.37,0.424,32,39.558,8,48.063,,,,0.185
36:32.0,2,1553790712,parsec.dedup,1.55379E+12,FALSE,3,23054925400,11527455800,395.849,241.02,42077.719,19.302,14.56,21.601,26.401,3730.789,27.849,0,0,0,,,,5,0.354,0.377,32,46.497,8,52.78,,,,0.177
36:37.5,2,1553790712,parsec.dedup,1.55379E+12,FALSE,3,23050779000,11525377700,391.55,224.844,39043.741,18.048,10.88,17.6,21.6,3709.953,29.61,0,0,0,,,,5,0.348,0.367,32,35.325,8,41.95,,,,0.174
36:43.1,2,1553790712,parsec.dedup,1.55379E+12,FALSE,3,23054463600,11527226200,387.911,219.27,37861.882,18.588,839.053,74.401,3196.851,3740.469,26.186,0,0,0,,,,5,0.368,0.406,32,45.966,8,53.927,,,,0.184
36:48.6,2,1553790712,parsec.dedup,1.55379E+12,FALSE,3,23040429400,11520201800,378.689,220.579,37916.107,18.802,14.24,22.4,32,3738.813,22.14,0,0,0,,,,5,0.348,0.377,32,41.12,8,47.04,,,,0.174
36:54.2,2,1553790712,parsec.dedup,1.55379E+12,FALSE,3,23055131800,11527548000,381.254,216.186,39008.851,19.099,12.8,18.4,22.4,3743.059,28.2,0,0,0,,,,5,0.354,0.389,32,115.073,8,125.013,,,,0.177
36:59.5,2,1553790712,parsec.dedup,1.55379E+12,FALSE,3,23055240800,11527617000,400.717,227.126,39470.176,18.401,9.12,19.2,22.4,3705.02,31.906,0,0,0,,,,5,0.359,0.384,32,35.044,8,41.759,,,,0.179
37:05.0,2,1553790712,parsec.dedup,1.55379E+12,FALSE,3,23055240800,11527617000,400.717,227.126,40935.324,20.681,488.964,74.401,2086.423,3742.805,34.125,0,0,0,,,,5,0.357,0.396,32,44.669,8,54.921,,,,0.178
37:10.4,2,1553790712,parsec.dedup,1.55379E+12,FALSE,3,23055065000,11527524800,419.024,244.303,39407.158,20.799,14.72,27.2,39.199,3745.621,35.972,0,0,0,,,,5,0.346,0.373,32,53.988,8,67.201,,,,0.173
37:15.8,2,1553790712,parsec.dedup,1.55379E+12,FALSE,3,23055273400,11527642800,395.67,226.797,39256.445,19.39,12.96,16,17.6,3706.973,35.162,0,0,0,,,,5,0.345,0.36,32,41.68,8,61.774,,,,0.172
37:21.4,2,1553790712,parsec.dedup,1.55379E+12,FALSE,3,23054871200,11527425600,394.032,234.042,39958.116,20.567,435.521,61.999,1835.185,3745.652,34.724,0,0,0,,,,5,0.355,0.389,32,60.172,8,71.733,,,,0.177
37:26.8,2,1553790712,parsec.dedup,1.55379E+12,FALSE,3,23054871200,11527425600,394.032,234.042,38920.65,21.238,14.56,19.201,25.601,3706.648,25.505,0,0,0,,,,5,0.361,0.399,32,45.162,8,55.609,,,,0.18
37:32.4,2,1553790712,parsec.dedup,1.55379E+12,FALSE,3,23038004200,11518994600,405.77,239.303,37628.407,21.083,13.439,30.399,31.999,3710.867,33.59,0,0,0,,,,5,0.362,0.394,32,34.181,8,44.359,,,,0.181
37:37.8,2,1553790712,parsec.dedup,1.55379E+12,FALSE,3,23055260200,11527621000,407.268,232.774,40603.25,20.892,9.44,14.4,16,3739.672,38.96,0,0,0,,,,5,0.352,0.373,32,40.628,8,49.773,,,,0.176
37:43.3,2,1553790712,parsec.dedup,1.55379E+12,FALSE,3,23055260200,11527621000,407.268,232.774,39631.086,21.82,53.6,47.2,521.603,3706.352,40.854,0,0,0,,,,5,0.354,0.375,32,50.852,8,60.879,,,,0.177
37:48.8,2,1553790712,parsec.dedup,1.55379E+12,FALSE,3,23055242000,11527600800,406.892,249.328,39157.934,22.402,15.679,31.999,62.397,3706.309,36.545,0,0,0,,,,5,0.351,0.362,32,40.858,8,50.87,,,,0.175
37:54.6,2,1553790712,parsec.dedup,1.55379E+12,FALSE,3,23055298400,11527642600,390.829,224.094,37339.449,20.087,17.92,31.201,62.401,3737.906,37.422,0,0,0,,,,5,0.368,0.408,32,43.44,8,53.173,,,,0.184
38:00.1,2,1553790712,parsec.dedup,1.55379E+12,FALSE,3,23055268600,11527623800,413.443,253.064,39787.011,21.979,830.086,69.6,2647.997,3744.199,40.568,0,0,0,,,,5,0.362,0.4,32,67.478,8,79.739,,,,0.181
38:05.5,2,1553790712,parsec.dedup,1.55379E+12,FALSE,3,23055268600,11527623800,413.443,253.064,41819.221,22.181,13.12,22.4,26.4,3748.582,41.555,0,0,0,,,,5,0.367,0.407,32,30.311,8,35.636,,,,0.183
38:11.0,2,1553790712,parsec.dedup,1.55379E+12,FALSE,3,23055017200,11527497600,426.003,237.343,40469.696,23.193,13.12,21.601,24.801,3706.738,47.721,0,0,0,,,,5,0.352,0.375,32,48.807,8,59.393,,,,0.176
38:16.5,2,1553790712,parsec.dedup,1.55379E+12,FALSE,3,23053905400,11526950800,435.923,266.409,40696.394,26.275,439.994,58.399,2007.176,3739.301,46.548,0,0,0,,,,5,0.356,0.374,32,50.071,8,60.181,,,,0.178
38:22.0,2,1553790712,parsec.dedup,1.55379E+12,FALSE,3,23053905400,11526950800,435.923,266.409,40997.175,28.129,19.36,33.6,39.2,3706.23,64.892,0,0,0,,,,5,0.37,0.398,32,49.158,8,59.929,,,,0.185
38:27.2,2,1553790712,parsec.dedup,1.55379E+12,FALSE,3,23055137300,11527562600,456.402,278.876,37963.005,27.699,13.12,20,26.4,3746.355,62.165,0,0,0,,,,5,0.396,0.426,32,55.3,7,75.548,,,,0.198
38:32.7,2,1553790712,parsec.dedup,1.55379E+12,FALSE,3,23054977200,11527477000,475.58,292.103,40869.144,29.865,12.8,21.6,28.001,3706.52,63.684,0,0,0,,,,5,0.362,0.385,32,46.637,8,55.877,,,,0.181
38:37.8,2,1553790712,parsec.dedup,1.55379E+12,FALSE,3,23054977200,11527477000,475.58,292.103,39839.11,28.5,80.48,80.8,1438.403,3705.785,66.659,0,0,0,,,,5,0.357,0.39,32,39.689,7,48.956,,,,0.178
38:43.2,2,1553790712,parsec.dedup,1.55379E+12,FALSE,3,23055224600,11527601000,450.581,278.918,39607.98,28.235,486.559,70.4,1353.598,3705.531,63.404,0,0,0,,,,5,0.354,0.373,32,48.757,8,54.462,,,,0.177
38:48.8,2,1553790712,parsec.dedup,1.55379E+12,FALSE,3,23055156800,11527578600,492.574,298.95,39986.048,31.8,14.24,22.4,30.4,3705.043,78.785,0,0,0,,,,5,0.364,0.387,32,43.912,8,50.124,,,,0.182
38:54.4,2,1553790712,parsec.dedup,1.55379E+12,FALSE,3,23055036200,11527502800,493.765,305.131,41182.746,32.934,18.24,24.8,28.8,3739.879,63.713,0,0,0,,,,5,0.369,0.378,32,41.491,8,49.789,,,,0.184
38:59.5,2,1553790712,parsec.dedup,1.55379E+12,FALSE,3,23055036200,11527502800,493.765,305.131,41945.16,34.09,865.754,74.399,4030.359,3746.297,83.632,0,0,0,,,,5,0.387,0.449,32,35.253,7,41.568,,,,0.194
39:04.9,2,1553790712,parsec.dedup,1.55379E+12,FALSE,3,23053640800,11526804200,512.415,322.742,39264.028,33.583,14.08,28,44,3744.297,87.542,0,0,0,,,,5,0.357,0.377,32,41.021,8,50.842,,,,0.178
39:10.3,2,1553790712,parsec.dedup,1.55379E+12,FALSE,3,23042191800,11521087800,533.721,332.209,42718.406,38.265,13.12,16,17.6,3709.234,99.109,0,0,0,,,,5,0.358,0.379,32,32.509,8,38.206,,,,0.179
39:15.5,2,1553790712,parsec.dedup,1.55379E+12,FALSE,3,23055265600,11527626800,527.859,324.606,37792.76,38.121,9.6,16.8,28,3711.066,97.094,0,0,0,,,,5,0.386,0.409,32,33.84,7,43.814,,,,0.193
39:21.2,2,1553790712,parsec.dedup,1.55379E+12,FALSE,3,23055265600,11527626800,527.859,324.606,39867.163,42.577,898.73,74.401,4555.254,3707.16,126.94,0,0,0,,,,5,0.375,0.402,32,69.808,8,82.041,,,,0.188
39:26.3,2,1553790712,parsec.dedup,1.55379E+12,FALSE,3,23054893600,11527442600,604.937,384.031,39542.728,40.623,15.2,16.799,21.599,3708.781,118.352,0,0,0,,,,5,0.378,0.404,32,46.797,7,58.601,,,,0.189
39:32.0,2,1553790712,parsec.dedup,1.55379E+12,FALSE,3,23054461400,11527218600,620.933,394.831,38806.792,49.5,11.36,20.8,21.601,3706.922,151.15,0,0,0,,,,5,0.374,0.391,32,45.967,8,55.164,,,,0.187
39:37.6,2,1553790712,parsec.dedup,1.55379E+12,FALSE,3,23055244000,11527617800,650.265,434.294,40548.238,51.201,140.479,69.599,1504.788,3707.66,131.59,0,0,0,,,,5,0.371,0.397,32,33.175,8,40.859,,,,0.185
39:42.6,2,1553790712,parsec.dedup,1.55379E+12,FALSE,3,23055017600,11527507400,680.624,453.033,39707.387,51.888,25.12,29.6,48,3707.918,161.975,0,0,0,,,,5,0.378,0.388,32,36.545,7,43.971,,,,0.189
39:47.7,2,1553790712,parsec.dedup,1.55379E+12,FALSE,3,23055264400,11527603600,665.729,439.414,38414.172,53.36,514.711,83.198,1873.566,3709.648,173.495,0,0,0,,,,5,0.394,0.428,32,48.392,7,54.835,,,,0.197
39:53.0,2,1553790712,parsec.dedup,1.55379E+12,FALSE,3,23055264400,11527603600,665.729,439.414,38231.999,54.209,16.64,31.2,38.4,3750.855,172.154,0,0,0,,,,5,0.398,0.455,32,45.466,7,53.928,,,,0.199
39:58.2,2,1553790712,parsec.dedup,1.55379E+12,FALSE,3,23055376000,11527693400,689.812,462.165,36968.594,60.659,12.64,20,21.6,3752.09,206.512,0,0,0,,,,5,0.38,0.391,32,39.63,7,49.775,,,,0.19
40:03.5,2,1553790712,parsec.dedup,1.55379E+12,FALSE,3,23055361600,11527677400,795.041,541.935,38283.458,66.248,936.303,75.199,3446.346,3710.684,226.105,0,0,0,,,,5,0.397,0.427,32,32.265,7,37.64,,,,0.198
40:09.0,2,1553790712,parsec.dedup,1.55379E+12,FALSE,3,23038695800,11519380800,896.727,653.944,34616.353,77.68,20.48,22.4,27.2,3710.348,280.761,0,0,0,,,,5,0.425,0.465,32,37.874,7,43.286,,,,0.212
40:14.5,2,1553790712,parsec.dedup,1.55379E+12,FALSE,3,23038695800,11519380800,896.727,653.944,40760.131,88.956,24.48,19.2,20.8,3752.117,391.826,0,0,0,,,,5,0.412,0.425,32,41.816,7,50.766,,,,0.206
40:20.0,2,1553790712,parsec.dedup,1.55379E+12,FALSE,3,23053695800,11526844200,1048.414,769.672,37147.016,88.019,24.96,30.4,32,3714.395,294.481,0,0,0,,,,5,0.402,0.414,32,38.908,7,49.202,,,,0.201
40:25.4,2,1553790712,parsec.dedup,1.55379E+12,FALSE,3,23035584400,11517778200,1032.103,775.401,39961.822,88.265,232.162,59.2,1056.804,3753.113,347.722,0,0,0,,,,5,0.412,0.425,32,42.395,7,52.773,,,,0.206
40:30.8,2,1553790712,parsec.dedup,1.55379E+12,FALSE,3,23055311600,11527648600,1051.47,785.478,38365.256,89.844,13.6,20.8,24.8,3717.047,322.251,0,0,0,,,,5,0.399,0.406,32,44.187,7,60.215,,,,0.2
40:36.2,2,1553790712,parsec.dedup,1.55379E+12,FALSE,3,23055311600,11527648600,1051.47,785.478,39904.786,90.696,117.12,31.2,171.199,3758.125,408.32,0,0,0,,,,5,0.408,0.429,32,52.523,7,59.302,,,,0.204
40:41.6,2,1553790712,parsec.dedup,1.55379E+12,FALSE,3,23055074400,11527545800,1072.733,817.075,38726.98,86.32,235.839,78.4,767.996,3751.117,326.42,0,0,0,,,,5,0.409,0.437,32,38.36,7,49.483,,,,0.204
40:47.1,2,1553790712,parsec.dedup,1.55379E+12,FALSE,3,23055068300,11527509900,1050.531,778.278,41501.828,87.618,12.16,20.8,32,3720.328,387.162,0,0,0,,,,5,0.418,0.448,32,43.884,7,54.027,,,,0.209
40:52.6,2,1553790712,parsec.dedup,1.55379E+12,FALSE,3,23055304200,11527638800,1055.141,781.55,37684.065,89.851,971.012,93.597,2899.918,3720.453,372.212,0,0,0,,,,5,0.404,0.427,32,45.03,7,55.428,,,,0.202
40:58.0,2,1553790712,parsec.dedup,1.55379E+12,FALSE,3,23049268400,11524644000,1058.959,802.132,40344.739,92.149,16.8,20.8,23.2,3759.5,365.179,0,0,0,,,,5,0.404,0.414,32,35.237,7,41.639,,,,0.202
41:03.7,2,1553790712,parsec.dedup,1.55379E+12,FALSE,3,23055283800,11527639000,1082.745,831.349,36321.476,90.387,12.8,19.2,21.6,3762.797,289.177,0,0,0,,,,5,0.438,0.482,32,36.575,7,41.878,,,,0.219
41:09.4,2,1553790712,parsec.dedup,1.55379E+12,FALSE,3,23055283800,11527639000,1082.745,831.349,37696.048,91.36,18.4,24.8,26.4,3719.613,425.665,0,0,0,,,,5,0.424,0.457,32,37.089,7,43.667,,,,0.212
41:14.9,2,1553790712,parsec.dedup,1.55379E+12,FALSE,3,23055349000,11527652600,1113.765,845.242,36523.483,91.482,320.485,64.801,857.614,3760.008,379.843,0,0,0,,,,5,0.423,0.483,32,39.608,7,45.43,,,,0.211
41:20.4,2,1553790712,parsec.dedup,1.55379E+12,FALSE,3,23055158000,11527578800,1121.383,864.863,38898.41,92.826,81.597,39.199,155.996,3761.18,301.779,0,0,0,,,,5,0.405,0.413,32,32.123,7,37.264,,,,0.202
41:26.1,2,1553790712,parsec.dedup,1.55379E+12,FALSE,3,23051020200,11525517400,1112.057,858.362,38553.701,92.169,12.48,19.2,20,3724.207,412.57,0,0,0,,,,5,0.427,0.471,32,42.466,7,51.976,,,,0.213
41:31.7,2,1553790712,parsec.dedup,1.55379E+12,FALSE,3,23051020200,11525517400,1112.057,858.362,38608.283,92.056,111.52,54.4,336.001,3759.289,394.726,0,0,0,,,,5,0.406,0.425,32,44.427,7,54.553,,,,0.203
41:37.4,2,1553790712,parsec.dedup,1.55379E+12,FALSE,3,23017541500,11508767600,1094.107,842.87,40078.932,93.563,18.08,20,20.8,3758.637,394.278,0,0,0,,,,5,0.424,0.469,32,53.502,7,63.559,,,,0.212
41:42.9,2,1553790712,parsec.dedup,1.55379E+12,FALSE,3,23055445800,11527732400,1095.068,831.198,39745.044,92.322,192.163,72.001,1415.225,3726.801,393.497,0,0,0,,,,5,0.408,0.425,32,42.879,7,53.186,,,,0.204
41:48.5,2,1553790712,parsec.dedup,1.55379E+12,FALSE,3,23055445800,11527732400,1095.068,831.198,38078.69,91.909,81.439,36.8,297.597,3728.203,304.18,0,0,0,,,,5,0.422,0.458,32,39.987,7,48.351,,,,0.211
41:54.0,2,1553790712,parsec.dedup,1.55379E+12,FALSE,3,23055307400,11527664800,1083.803,833.798,40106.404,91.437,16,24,28.8,3760.094,391.809,0,0,0,,,,5,0.404,0.434,32,50.272,7,59.726,,,,0.202
41:59.5,2,1553790712,parsec.dedup,1.55379E+12,FALSE,3,23038945800,11519453800,1140.871,896.773,39882.7,91.579,222.71,78.397,1803.921,3763.109,380.712,0,0,0,,,,5,0.428,0.5,32,52.363,7,58.539,,,,0.214
42:05.0,2,1553790712,parsec.dedup,1.55379E+12,FALSE,3,23038945800,11519453800,1140.871,896.773,37744.126,90.868,16.16,18.401,22.401,3726.324,363.482,0,0,0,,,,5,0.416,0.437,32,33.526,7,39.44,,,,0.208
42:10.4,2,1553790712,parsec.dedup,1.55379E+12,FALSE,3,23055419200,11527737200,1117.736,849.029,38384.111,91.695,611.052,76.801,2675.249,3760.098,398.727,0,0,0,,,,5,0.402,0.42,32,36.877,7,42.202,,,,0.201
42:15.8,2,1553790712,parsec.dedup,1.55379E+12,FALSE,3,23054853600,11527466800,1101.435,839.462,40112.842,92.45,21.28,32,37.6,3726.93,390.452,0,0,0,,,,5,0.41,0.429,32,35.068,7,43.154,,,,0.205
42:21.3,2,1553790712,parsec.dedup,1.55379E+12,FALSE,3,23055380000,11527649000,1105.953,849.004,37931.87,92.417,150.407,46.801,1044.46,3743.098,381.513,0,0,0,,,,5,0.4,0.413,32,35.08,7,41.231,,,,0.2
42:26.9,2,1553790712,parsec.dedup,1.55379E+12,FALSE,3,23055380000,11527649000,1105.953,849.004,36806.968,91.666,15.68,21.6,40.8,3725.938,288.683,0,0,0,,,,5,0.414,0.423,32,37.235,7,43.673,,,,0.207
42:32.4,2,1553790712,parsec.dedup,1.55379E+12,FALSE,3,23052295100,11526136700,1084.588,832.96,38313.914,91.502,43.52,27.2,32.8,3761.309,391.782,0,0,0,,,,5,0.415,0.453,32,43.169,7,49.324,,,,0.207
42:37.9,2,1553790712,parsec.dedup,1.55379E+12,FALSE,3,23055176800,11527594200,1112.218,861.041,40372.411,93.28,1036.964,93.6,5946.425,3765.785,378.899,0,0,0,,,,5,0.401,0.413,32,40.886,7,47.701,,,,0.201
43:14.2,2,1553790712,parsec.dedup,1.55379E+12,FALSE,3,23050852857,11525419228,1023.667,764.227,39134.804,84.711,61.163,32.683,293.367,3741.874,331.902,0,0,0,,,,5,0.396,0.419,32,31099.647,7,31109.221,,,,0.198
43:14.3,2,1553790712,parsec.dedup,1.55379E+12,FALSE,3,23050132200,11525056733,1008.908,748.091,39422.189,84.199,67.224,34.13,337.194,3738.917,326.627,0,0,0,,,,5,0.406,0.428,32,63.416,7,72.133,,,,0.203
43:14.5,2,1553790712,parsec.dedup,1.55379E+12,FALSE,3,23049125120,11524555440,1006.128,744.532,39252.828,83.971,78.173,36.316,399.353,3741.22,322.871,0,0,0,,,,5,0.411,0.43,32,53.464,7,70.182,,,,0.205
43:14.5,2,1553790712,parsec.dedup,1.55379E+12,FALSE,3,23047644350,11523813950,1003.189,741.48,39578.765,83.718,92.035,39.995,493.791,3736.568,316.728,0,0,0,,,,5,0.391,0.399,32,40.794,7,58.336,,,,0.196
43:14.6,2,1553790712,parsec.dedup,1.55379E+12,FALSE,3,23045176400,11522578133,998.291,736.393,39718.14,83.519,19.888,29.86,48.527,3739.845,309.584,0,0,0,,,,5,0.394,0.409,32,35.121,7,41.493,,,,0.197
43:14.7,2,1553790712,parsec.dedup,1.55379E+12,FALSE,3,23040067500,11520019800,998.022,734.309,39906.827,83.653,19.352,26.791,43.991,3728.068,297.91,0,0,0,,,,5,0.396,0.405,32,42.458,7,62.076,,,,0.198
43:15.1,2,1553790712,parsec.dedup,1.55379E+12,FALSE,3,23051112400,11525555800,997.219,728.98,40593.938,85.177,22.065,25.582,25.582,3727.355,264.414,0,0,0,,,,5,0.396,0.408,32,33.829,7,41.18,,,,0.198
43:20.4,2,1553790712,parsec.dedup,1.55379E+12,FALSE,3,23051112400,11525555800,997.219,728.98,37617.935,83.965,222.72,63.245,1455.446,3760.543,332.831,0,0,0,,,,5,0.398,0.408,32,51.497,7,62.951,,,,0.199
43:25.7,2,1553790712,parsec.dedup,1.55379E+12,FALSE,3,22908016800,11454019000,1000.241,746.343,40163.416,83.478,18.24,27.2,42.4,3725.426,334.953,0,0,0,,,,5,0.396,0.412,32,38.274,7,47.116,,,,0.198
43:31.0,2,1553790712,parsec.dedup,1.55379E+12,FALSE,3,22996438600,11498214000,988.552,731.149,40636.915,82.003,168.001,60.801,840.807,3770.25,324.217,0,0,0,,,,5,0.392,0.408,32,33.155,7,38.787,,,,0.196
43:36.5,2,1553790712,parsec.dedup,1.55379E+12,FALSE,3,23054840800,11527385400,951.253,701.457,38135.343,78.991,494.019,60.806,1535.511,3742.914,307.434,0,0,0,,,,5,0.394,0.406,32,42.682,7,49.715,,,,0.197
43:41.8,2,1553790712,parsec.dedup,1.55379E+12,FALSE,3,23054840800,11527385400,951.253,701.457,38175.098,73.411,12.8,20,23.2,3726.91,281.61,0,0,0,,,,5,0.394,0.413,32,44.174,7,53.981,,,,0.197
43:47.1,2,1553790712,parsec.dedup,1.55379E+12,FALSE,3,23039335800,11519695800,913.71,649.593,39437.194,75.374,16.96,22.4,27.2,3727.531,288.885,0,0,0,,,,5,0.394,0.417,32,41.991,7,48.953,,,,0.197
43:52.4,2,1553790712,parsec.dedup,1.55379E+12,FALSE,3,23053674400,11526833500,904.336,644.326,37257.763,74.723,14.56,23.2,24.8,3766.684,228.621,0,0,0,,,,5,0.393,0.404,32,40.984,7,46.372,,,,0.197
43:57.6,2,1553790712,parsec.dedup,1.55379E+12,FALSE,3,23054089400,11527043000,899.066,643.657,39321.542,76.539,246.559,67.999,1724.777,3728.109,288.163,0,0,0,,,,5,0.395,0.426,32,34.036,7,41.231,,,,0.198
44:02.9,2,1553790712,parsec.dedup,1.55379E+12,FALSE,3,23041878200,11520926800,911.482,652.829,39339.199,76.338,26.08,34.4,244.797,3767.406,283.484,0,0,0,,,,5,0.392,0.421,32,32.483,7,39.022,,,,0.196
44:08.3,2,1553790712,parsec.dedup,1.55379E+12,FALSE,3,23048980200,11524506600,943.863,671.931,38135.602,77.76,15.519,21.599,31.999,3731.227,303.098,0,0,0,,,,5,0.403,0.419,32,41.608,7,47.075,,,,0.202
44:13.6,2,1553790712,parsec.dedup,1.55379E+12,FALSE,3,23048980200,11524506600,943.863,671.931,39848.853,77.325,170.413,64.805,1627.316,3731.129,301.235,0,0,0,,,,5,0.4,0.416,32,67.564,7,100.866,,,,0.2
44:19.1,2,1553790712,parsec.dedup,1.55379E+12,FALSE,3,23055392000,11527694000,931.98,665.732,37658.943,77.389,84.32,50.4,260.801,3760.418,295.916,0,0,0,,,,5,0.398,0.428,32,46.189,7,58.385,,,,0.199
44:24.3,2,1553790712,parsec.dedup,1.55379E+12,FALSE,3,23054102200,11527045200,934.383,684.587,39820.227,78.707,13.92,16.8,21.6,3729.699,292.795,0,0,0,,,,5,0.393,0.402,32,49.513,7,63.259,,,,0.197
44:29.6,2,1553790712,parsec.dedup,1.55379E+12,FALSE,3,22948410800,11474185400,907.925,657.912,38042.541,76.063,591.139,79.192,2305.364,3770.363,292.902,0,0,0,,,,5,0.393,0.399,32,31.834,7,37.693,,,,0.197
44:34.9,2,1553790712,parsec.dedup,1.55379E+12,FALSE,3,22948410800,11474185400,907.925,657.912,38297.97,75.242,11.681,22.402,27.202,3728.555,284.341,0,0,0,,,,5,0.389,0.401,32,35.046,7,44.478,,,,0.194
44:40.2,2,1553790712,parsec.dedup,1.55379E+12,FALSE,3,23052593800,11526308400,910.685,661.578,39874.709,78.022,19.52,22.4,25.6,3768.391,232.68,0,0,0,,,,5,0.388,0.399,32,45.068,7,56.12,,,,0.194
44:45.7,2,1553790712,parsec.dedup,1.55379E+12,FALSE,3,23053742400,11526871000,899.944,653.78,38555.493,72.764,16.32,28.8,36,3764.992,278.917,0,0,0,,,,5,0.392,0.412,32,43.333,7,48.393,,,,0.196
44:51.2,2,1553790712,parsec.dedup,1.55379E+12,FALSE,3,23050426800,11525199400,862.276,617.319,35683.664,73.344,1047.501,94.398,7187.852,3771.074,272.324,0,0,0,,,,5,0.412,0.456,32,42.191,7,52.74,,,,0.206
44:56.5,2,1553790712,parsec.dedup,1.55379E+12,FALSE,3,23050426800,11525199400,862.276,617.319,38922.344,73.178,16.96,20,24.4,3750.232,278.715,0,0,0,,,,5,0.4,0.428,32,49.018,7,59.468,,,,0.2
45:01.9,2,1553790712,parsec.dedup,1.55379E+12,FALSE,3,23053940800,11526976400,884.445,613.103,36168.134,73.459,23.36,20.8,26.4,3728.113,287.221,0,0,0,,,,5,0.406,0.447,32,36.911,7,45.237,,,,0.203
45:07.3,2,1553790712,parsec.dedup,1.55379E+12,FALSE,3,23052566300,11526283300,901.529,640.551,39096.579,74.855,661.282,92,3163.213,3765.371,285.497,0,0,0,,,,5,0.398,0.413,32,46.677,7,59.664,,,,0.199
45:12.5,2,1553790712,parsec.dedup,1.55379E+12,FALSE,3,23053990000,11526997000,903.791,644.576,37634.381,74.748,13.92,19.2,23.2,3729.172,280.767,0,0,0,,,,5,0.386,0.396,32,30.945,7,37.33,,,,0.193
45:17.9,2,1553790712,parsec.dedup,1.55379E+12,FALSE,3,23055155400,11527563800,902.28,653.636,41704.927,76.115,17.76,20,22.4,3728.363,234.579,0,0,0,,,,5,0.409,0.432,32,35.805,7,42.362,,,,0.204
45:23.2,2,1553790712,parsec.dedup,1.55379E+12,FALSE,3,22990987600,11495482200,914.747,651.866,36880.773,75.141,17.919,25.599,28.798,3760.613,298.869,0,0,0,,,,5,0.392,0.404,32,50.563,7,62.919,,,,0.196
45:28.5,2,1553790712,parsec.dedup,1.55379E+12,FALSE,3,22990987600,11495482200,914.747,651.866,39493.695,75.42,674.913,72.804,3752.182,3728.191,294.003,0,0,0,,,,5,0.394,0.404,32,76.884,7,82.243,,,,0.197
45:33.7,2,1553790712,parsec.dedup,1.55379E+12,FALSE,3,23053818000,11526928600,936.649,672.274,39513.467,77.162,14.88,27.2,38.4,3768.262,288.19,0,0,0,,,,5,0.388,0.401,32,44.383,7,54.397,,,,0.194
45:39.0,2,1553790712,parsec.dedup,1.55379E+12,FALSE,3,23048434600,11524214400,913.587,658.565,38296.855,75.075,18.56,20,23.2,3728.762,288.053,0,0,0,,,,5,0.396,0.412,32,44.045,7,50.686,,,,0.198
45:44.4,2,1553790712,parsec.dedup,1.55379E+12,FALSE,3,23055378000,11527652400,902.592,642.885,40386.257,73.072,31.84,27.2,28,3730.641,284.255,0,0,0,,,,5,0.402,0.44,32,40.733,7,48.502,,,,0.201
45:49.8,2,1553790712,parsec.dedup,1.55379E+12,FALSE,3,23055378000,11527652400,902.592,642.885,36186.246,75.515,20.16,28,30.4,3761.629,295.525,0,0,0,,,,5,0.405,0.421,32,61.173,7,73.988,,,,0.202
45:55.0,2,1553790712,parsec.dedup,1.55379E+12,FALSE,3,23054871800,11527447000,933.396,673.897,40938.131,78.198,666.864,67.998,2577.535,3730.555,296.355,0,0,0,,,,5,0.392,0.407,32,31.981,7,37.671,,,,0.196
46:00.4,2,1553790712,parsec.dedup,1.55379E+12,FALSE,3,23055207600,11527601000,941.316,693.769,37628.365,78.805,16.32,17.6,20,3762.891,303.77,0,0,0,,,,5,0.393,0.414,32,47.67,7,58.699,,,,0.197
46:05.5,2,1553790712,parsec.dedup,1.55379E+12,FALSE,3,23055163400,11527585400,923.748,656.695,39369.383,73.067,13.76,15.999,16.799,3734.078,246.884,0,0,0,,,,5,0.388,0.407,32,42.096,7,48.908,,,,0.194
46:11.0,2,1553790712,parsec.dedup,1.55379E+12,FALSE,3,23055163400,11527585400,923.748,656.695,39729.491,73.807,148.641,64.801,1079.212,3730.16,277.462,0,0,0,,,,5,0.406,0.434,32,36.36,7,44.003,,,,0.203
46:16.3,2,1553790712,parsec.dedup,1.55379E+12,FALSE,3,23042068000,11521025800,881.563,624.343,37218.688,75.493,104.959,39.999,200.797,3732.355,293.174,0,0,0,,,,5,0.401,0.435,32,37.743,7,46.781,,,,0.201
46:21.6,2,1553790712,parsec.dedup,1.55379E+12,FALSE,3,23053157200,11526579000,867.427,629.179,38910.916,73.254,102.8,46.001,484.801,3747.357,284.871,0,0,0,,,,5,0.395,0.414,32,63.301,7,74.961,,,,0.198
46:26.8,2,1553790712,parsec.dedup,1.55379E+12,FALSE,3,23055197800,11527601400,900.488,645.735,40002.263,77.368,15.2,20,23.2,3729.957,294.625,0,0,0,,,,5,0.39,0.403,32,46.003,7,56.494,,,,0.195
46:32.1,2,1553790712,parsec.dedup,1.55379E+12,FALSE,3,23055196600,11527591400,912.986,659.796,39325.129,76.497,126.08,57.6,732.806,3728.219,288.766,0,0,0,,,,5,0.4,0.44,32,52.96,7,62.258,,,,0.2
46:37.3,2,1553790712,parsec.dedup,1.55379E+12,FALSE,3,22970262600,11485112800,913.562,661.482,39199.065,71.22,57.12,32.8,143.201,3769.133,280.285,0,0,0,,,,5,0.395,0.412,32,46.899,7,53.924,,,,0.198
46:42.6,2,1553790712,parsec.dedup,1.55379E+12,FALSE,3,22885329800,11442644200,901.639,649.108,38092.568,72.812,902.221,67.998,2462.343,3729.688,224.223,0,0,0,,,,5,0.387,0.402,32,38.571,7,46.606,,,,0.194
46:48.0,2,1553790712,parsec.dedup,1.55379E+12,FALSE,3,23055327400,11527670600,903.918,635.509,39984.647,73.242,14.72,17.6,23.2,3767.219,283.791,0,0,0,,,,5,0.402,0.431,32,40.788,7,51.23,,,,0.201
46:53.2,2,1553790712,parsec.dedup,1.55379E+12,FALSE,3,23055295200,11527653400,897.443,637.896,37890.809,73.597,16.16,24.8,30.4,3759.25,283.639,0,0,0,,,,5,0.39,0.406,32,33.534,7,42.405,,,,0.195
46:58.6,2,1553790712,parsec.dedup,1.55379E+12,FALSE,3,23051708200,11525833600,896.502,636.855,39598.952,74.35,17.12,24.8,29.6,3727.762,280.124,0,0,0,,,,5,0.407,0.428,32,37.039,7,42.375,,,,0.203
47:03.9,2,1553790712,parsec.dedup,1.55379E+12,FALSE,3,23051708200,11525833600,896.502,636.855,35884.692,76.696,234.873,65.598,1400.755,3765.09,292.08,0,0,0,,,,5,0.383,0.399,32,37.277,7,42.725,,,,0.192
47:09.3,2,1553790712,parsec.dedup,1.55379E+12,FALSE,3,23055165600,11527560400,930.009,667.13,39404.049,78.097,30.08,27.2,197.603,3730.578,294.64,0,0,0,,,,5,0.401,0.424,32,37.783,7,44.565,,,,0.201
47:14.8,2,1553790712,parsec.dedup,1.55379E+12,FALSE,3,23055393800,11527707800,939.308,678.201,39477.56,78.876,22.24,25.6,36,3767.207,297.922,0,0,0,,,,5,0.407,0.419,32,34.685,7,40.927,,,,0.203
47:20.2,2,1553790712,parsec.dedup,1.55379E+12,FALSE,3,23048060200,11524050200,927.234,675.707,39087.288,77.806,192,63.2,1696.801,3775.035,305.742,0,0,0,,,,5,0.399,0.434,32,56.26,7,79.418,,,,0.2
47:25.7,2,1553790712,parsec.dedup,1.55379E+12,FALSE,3,23048060200,11524050200,927.234,675.707,36935.88,80.904,51.36,34.4,162.401,3762.266,312.103,0,0,0,,,,5,0.421,0.463,32,41.843,7,52.097,,,,0.21
47:31.2,2,1553790712,parsec.dedup,1.55379E+12,FALSE,3,23055489800,11527739000,943,690.942,38865.352,78.76,16.16,26.4,39.2,3768.266,245.144,0,0,0,,,,5,0.416,0.442,32,39.429,7,47.041,,,,0.208
47:36.5,2,1553790712,parsec.dedup,1.55379E+12,FALSE,3,23055124600,11527547600,949.434,689.442,38982.228,78.789,111.839,43.999,609.196,3749.816,306.011,0,0,0,,,,5,0.398,0.414,32,39.798,7,47.738,,,,0.199
47:41.8,2,1553790712,parsec.dedup,1.55379E+12,FALSE,3,23055341000,11527702800,938.7,675.635,38737.042,78.129,126.883,71.202,840.82,3730.691,307.267,0,0,0,,,,5,0.402,0.419,32,43.199,7,50.622,,,,0.201
47:47.5,2,1553790712,parsec.dedup,1.55379E+12,FALSE,3,23054369800,11527203600,942.434,682.331,39441.687,78.28,66.718,38.399,192.795,3772.137,305.849,0,0,0,,,,5,0.418,0.452,32,161.934,7,169.136,,,,0.209
47:52.7,2,1553790712,parsec.dedup,1.55379E+12,FALSE,3,23055341600,11527659600,931.247,682.531,37596.712,79.814,918.747,82.403,2184.873,3728.91,303.93,0,0,0,,,,5,0.394,0.413,32,42.192,7,52.485,,,,0.197
47:58.2,2,1553790712,parsec.dedup,1.55379E+12,FALSE,3,23055341600,11527659600,931.247,682.531,38936.383,83.982,23.68,22.399,22.399,3769.668,330.004,0,0,0,,,,5,0.409,0.449,32,41.404,7,50.283,,,,0.204
48:03.6,2,1553790712,parsec.dedup,1.55379E+12,FALSE,3,23055270000,11527625600,982.109,719.782,38513.891,78.859,26.88,25.6,28,3730.305,315.275,0,0,0,,,,5,0.403,0.425,32,35.631,7,40.92,,,,0.202
48:09.1,2,1553790712,parsec.dedup,1.55379E+12,FALSE,3,23055420200,11527709000,976.712,709.67,38951.541,83.484,15.2,24,28,3731.066,265.852,0,0,0,,,,5,0.412,0.434,32,30.071,7,36.405,,,,0.206
48:14.4,2,1553790712,parsec.dedup,1.55379E+12,FALSE,3,23055269000,11527639600,979.028,718.797,39960.515,81.437,270.563,52.801,1016.813,3770.375,335.369,0,0,0,,,,5,0.406,0.416,32,32.813,7,39.682,,,,0.203
48:19.8,2,1553790712,parsec.dedup,1.55379E+12,FALSE,3,23055269000,11527639600,979.028,718.797,37911.239,82.617,62.88,36,106.4,3731.711,336.492,0,0,0,,,,5,0.403,0.424,32,36.2,7,46.049,,,,0.202
48:25.3,2,1553790712,parsec.dedup,1.55379E+12,FALSE,3,23055186000,11527566000,1014.379,743.8,40032.921,86.151,33.6,32.8,35.2,3771.637,348.194,0,0,0,,,,5,0.404,0.434,32,32.909,7,38.79,,,,0.202
48:30.7,2,1553790712,parsec.dedup,1.55379E+12,FALSE,3,23052508600,11526241000,1022.111,769.168,38028.798,85.894,30.72,20.8,24,3732.316,344.044,0,0,0,,,,5,0.4,0.418,32,43.04,7,55.597,,,,0.2
48:36.2,2,1553790712,parsec.dedup,1.55379E+12,FALSE,3,23055141800,11527558800,1009.206,738.189,39257.085,83.541,145.761,59.2,1074.408,3776.898,331.042,0,0,0,,,,5,0.428,0.472,32,43.311,7,54.909,,,,0.214
48:41.6,2,1553790712,parsec.dedup,1.55379E+12,FALSE,3,23055141800,11527558800,1009.206,738.189,37942.544,88.932,32.16,25.6,26.4,3769.438,344.024,0,0,0,,,,5,0.402,0.442,32,41.944,7,48.78,,,,0.201
48:47.2,2,1553790712,parsec.dedup,1.55379E+12,FALSE,3,23054465400,11527229100,1019.783,752.533,36804.051,90.706,157.6,52,608.798,3775.535,326.645,0,0,0,,,,5,0.411,0.463,32,45.6,7,51.412,,,,0.205
48:52.6,2,1553790712,parsec.dedup,1.55379E+12,FALSE,3,23054301600,11527123200,1093.503,826.192,38485.401,92.864,100.639,37.599,360.795,3732.816,333.51,0,0,0,,,,5,0.4,0.417,32,44.286,7,50.025,,,,0.2
48:58.0,2,1553790712,parsec.dedup,1.55379E+12,FALSE,3,23054301600,11527123200,1093.503,826.192,38403.756,92.174,27.36,18.4,19.2,3778.191,387.671,0,0,0,,,,5,0.408,0.429,32,35.661,7,41.65,,,,0.204
49:03.7,2,1553790712,parsec.dedup,1.55379E+12,FALSE,3,23034299000,11517179800,1105.464,847.141,36638.021,92.026,153.28,55.2,726.399,3733.832,372.009,0,0,0,,,,5,0.425,0.475,32,116.313,7,122.589,,,,0.212
49:09.2,2,1553790712,parsec.dedup,1.55379E+12,FALSE,3,23055428000,11527667800,1113.469,863.586,37878.747,92.702,131.993,44.798,210.39,3734.793,364.271,0,0,0,,,,5,0.406,0.416,32,52.157,7,61.891,,,,0.203
49:14.6,2,1553790712,parsec.dedup,1.55379E+12,FALSE,3,23055428000,11527667800,1113.469,863.586,39328.811,92.153,11.201,12.001,12.001,3786.289,382.428,0,0,0,,,,5,0.403,0.415,32,32.043,7,37.749,,,,0.202
49:20.2,2,1553790712,parsec.dedup,1.55379E+12,FALSE,3,23031518800,11515753800,1108.613,855.412,37855.709,93.512,177.438,85.599,2143.173,3748.531,379.462,0,0,0,,,,5,0.419,0.458,32,48.998,7,67.086,,,,0.209
49:25.7,2,1553790712,parsec.dedup,1.55379E+12,FALSE,3,23055293400,11527613400,1102.936,848.993,37011.234,92.027,123.038,38.399,323.191,3776.777,415.372,0,0,0,,,,5,0.415,0.439,32,36.84,7,48.525,,,,0.207
49:31.2,2,1553790712,parsec.dedup,1.55379E+12,FALSE,3,23055082200,11527557600,1102.619,856.189,38981.401,92.476,17.599,23.999,27.198,3780.711,349.79,0,0,0,,,,5,0.408,0.429,32,43.633,7,49.944,,,,0.204
49:36.6,2,1553790712,parsec.dedup,1.55379E+12,FALSE,3,23055082200,11527557600,1102.619,856.189,37828.865,90.858,29.76,29.6,98.401,3785.438,375.797,0,0,0,,,,5,0.405,0.421,32,37.486,7,48.062,,,,0.202
49:41.7,2,1553790712,parsec.dedup,1.55379E+12,FALSE,3,23055291200,11527611400,1117.578,861.524,36326.357,92.735,987.668,91.999,4358.347,3768.871,379.91,0,0,0,,,,5,0.426,0.444,32,43.003,6,48.604,,,,0.213
49:47.2,2,1553790712,parsec.dedup,1.55379E+12,FALSE,3,23053624400,11526813000,1109.22,845.108,40928.268,92.22,14.08,16.8,17.6,3782.188,369.935,0,0,0,,,,5,0.41,0.431,32,45.119,7,51.607,,,,0.205
49:52.6,2,1553790712,parsec.dedup,1.55379E+12,FALSE,3,23055319000,11527671600,1095.436,835.737,37445.532,92.173,13.12,29.6,31.2,3736.832,398.926,0,0,0,,,,5,0.395,0.41,32,39.872,7,45.101,,,,0.198
49:58.3,2,1553790712,parsec.dedup,1.55379E+12,FALSE,3,23055056800,11527493000,1102.957,849.721,34748.937,91.847,23.68,22.4,26.4,3763.133,356.788,0,0,0,,,,5,0.437,0.481,32,36.966,7,46.975,,,,0.218
50:03.8,2,1553790712,parsec.dedup,1.55379E+12,FALSE,3,23055365600,11527664600,1107.425,856.99,39165.231,92.683,753.915,82.4,4201.576,3773.895,386.698,0,0,0,,,,5,0.415,0.438,32,31.28,7,36.904,,,,0.207
50:09.3,2,1553790712,parsec.dedup,1.55379E+12,FALSE,3,23055365600,11527664600,1107.425,856.99,38512.068,91.065,17.44,25.6,35.2,3738.332,358.127,0,0,0,,,,5,0.413,0.448,32,30.426,7,36.38,,,,0.206
50:14.9,2,1553790712,parsec.dedup,1.55379E+12,FALSE,3,23055302200,11527638200,1126.209,873.007,37568.236,91.06,20.96,26.4,29.6,3776.43,370.896,0,0,0,,,,5,0.421,0.471,32,50.885,7,60.767,,,,0.21
50:20.2,2,1553790712,parsec.dedup,1.55379E+12,FALSE,3,23053759600,11526861600,1076.07,827.905,38959.285,90.466,12.16,23.2,24,3779.203,296.723,0,0,0,,,,5,0.403,0.413,32,45.232,7,51.763,,,,0.202
50:25.8,2,1553790712,parsec.dedup,1.55379E+12,FALSE,3,23055423400,11527688200,1132.263,879.114,38238.073,92.333,1117.995,101.592,5853.148,3742.871,394.223,0,0,0,,,,5,0.419,0.45,32,31.437,7,37.285,,,,0.209
50:31.2,2,1553790712,parsec.dedup,1.55379E+12,FALSE,3,23055423400,11527688200,1132.263,879.114,38581.277,92.335,27.522,24.002,25.602,3780.164,388.541,0,0,0,,,,5,0.405,0.429,32,54.075,7,66.323,,,,0.202
50:36.6,2,1553790712,parsec.dedup,1.55379E+12,FALSE,3,23055335200,11527701200,1097.882,838.362,39082.309,90.37,19.359,19.999,21.599,3785.965,364.805,0,0,0,,,,5,0.407,0.426,32,40.388,7,50.536,,,,0.203
50:42.3,2,1553790712,parsec.dedup,1.55379E+12,FALSE,3,23054931600,11527460400,1092.443,836.261,38884.386,91.614,736.516,73.604,4203.401,3789.711,377.719,0,0,0,,,,5,0.408,0.427,32,55.304,7,64.11,,,,0.204
50:47.7,2,1553790712,parsec.dedup,1.55379E+12,FALSE,3,23054470800,11527223200,1097.511,842.347,38756.989,92.248,17.28,26.4,32.8,3750.883,373.704,0,0,0,,,,5,0.398,0.405,32,54.238,7,73.882,,,,0.199
50:53.2,2,1553790712,parsec.dedup,1.55379E+12,FALSE,3,23054713000,11527338000,1112.172,859.778,37394.564,90.443,30.56,28,38.4,3781.582,380.15,0,0,0,,,,5,0.432,0.482,32,36.614,7,44.045,,,,0.216
50:58.8,2,1553790712,parsec.dedup,1.55379E+12,FALSE,3,23053795200,11526879000,1115.016,865.704,38516.378,93.481,41.918,28.799,35.999,3798.926,293.295,0,0,0,,,,5,0.431,0.481,32,36.692,7,43.141,,,,0.215
51:03.9,2,1553790712,parsec.dedup,1.55379E+12,FALSE,3,23055294400,11527662400,1099.33,854.696,36557.497,92.35,11.039,19.199,23.198,3757.371,392.606,0,0,0,,,,5,0.434,0.502,32,41.158,6,46.982,,,,0.217
51:09.4,2,1553790712,parsec.dedup,1.55379E+12,FALSE,3,23055294400,11527662400,1099.33,854.696,35852.314,92.966,750.246,80.001,3826.436,3759.23,354.123,0,0,0,,,,5,0.406,0.421,32,43.289,7,56.241,,,,0.203
51:14.9,2,1553790712,parsec.dedup,1.55379E+12,FALSE,3,23055372400,11527670800,1097.271,850.533,36990.543,92.222,19.042,32.003,33.603,3759.117,410.577,0,0,0,,,,5,0.409,0.43,32,43.329,7,52.325,,,,0.204
51:20.3,2,1553790712,parsec.dedup,1.55379E+12,FALSE,3,23055215400,11527601800,1093.677,844.809,37776.649,93.783,25.918,22.399,27.198,3798.391,372.506,0,0,0,,,,5,0.404,0.429,32,36.486,7,42.807,,,,0.202
51:26.0,2,1553790712,parsec.dedup,1.55379E+12,FALSE,3,23055215400,11527601800,1093.677,844.809,36930.3,92.671,674.124,64.804,1571.295,3757.398,388.057,0,0,0,,,,5,0.433,0.5,32,45.859,7,52.208,,,,0.216
51:31.6,2,1553790712,parsec.dedup,1.55379E+12,FALSE,3,22891366600,11445695800,1110.064,857.057,38610.784,93.296,21.759,19.999,22.399,3798.059,388.701,0,0,0,,,,5,0.417,0.438,32,38.837,7,46.31,,,,0.208
51:37.0,2,1553790712,parsec.dedup,1.55379E+12,FALSE,3,23055415000,11527683600,1105.416,854.885,40360.298,92.137,58.082,24.801,60.803,3750.453,412.444,0,0,0,,,,5,0.418,0.451,32,32.23,7,41.757,,,,0.209
51:42.5,2,1553790712,parsec.dedup,1.55379E+12,FALSE,3,23055170000,11527578400,1097.18,838.884,37616.525,93.153,208.16,64,942.397,3774.719,339.27,0,0,0,,,,5,0.403,0.412,32,32.774,7,39.042,,,,0.202
51:48.0,2,1553790712,parsec.dedup,1.55379E+12,FALSE,3,23054700000,11527354400,1111.604,848.652,39634.308,93.113,141.76,36,285.601,3802.973,378.594,0,0,0,,,,5,0.413,0.442,32,37.256,7,44.139,,,,0.206
51:53.4,2,1553790712,parsec.dedup,1.55379E+12,FALSE,3,23051587800,11525763800,1049.673,785.602,38508.74,88.882,25.28,32.8,36.8,3761.871,352.885,0,0,0,,,,5,0.407,0.443,32,36.062,7,41.175,,,,0.203
51:58.8,2,1553790712,parsec.dedup,1.55379E+12,FALSE,3,23055299400,11527619600,1047.287,789.336,41022.817,86.208,155.677,43.999,442.394,3800.617,376.365,0,0,0,,,,5,0.402,0.424,32,43.694,7,50.66,,,,0.201
52:04.1,2,1553790712,parsec.dedup,1.55379E+12,FALSE,3,23055299400,11527619600,1047.287,789.336,39646.733,82.983,122.72,47.2,451.201,3761.16,331.35,0,0,0,,,,5,0.4,0.408,32,41.07,7,49.643,,,,0.2
52:09.5,2,1553790712,parsec.dedup,1.55379E+12,FALSE,3,23055442600,11527750800,1019.955,761.668,40677.164,85.504,20.32,24,27.2,3804.859,354.733,0,0,0,,,,5,0.394,0.403,32,32.699,7,37.651,,,,0.197
52:14.8,2,1553790712,parsec.dedup,1.55379E+12,FALSE,3,23035576600,11517774200,950.057,687.337,38108.457,79.082,139.361,86.4,1796.007,3762.848,312.127,0,0,0,,,,5,0.392,0.406,32,46.342,7,54.822,,,,0.196
52:20.1,2,1553790712,parsec.dedup,1.55379E+12,FALSE,3,23035576600,11517774200,950.057,687.337,40982.386,75.601,101.278,34.4,446.394,3762.902,300.695,0,0,0,,,,5,0.398,0.43,32,56.088,7,64.859,,,,0.199
52:25.6,2,1553790712,parsec.dedup,1.55379E+12,FALSE,3,23047406800,11523696800,943.833,691.955,37682.299,75.806,14.4,21.6,31.2,3795.727,295.432,0,0,0,,,,5,0.391,0.409,32,41.132,7,50.974,,,,0.196
52:31.0,2,1553790712,parsec.dedup,1.55379E+12,FALSE,3,23054410400,11527242400,914.232,661.752,40071.467,74.811,167.681,69.6,1507.206,3761.699,231.863,0,0,0,,,,5,0.411,0.482,32,42.371,7,48.759,,,,0.205
52:36.4,2,1553790712,parsec.dedup,1.55379E+12,FALSE,3,23055208600,11527601400,876.861,621.983,17987.687,69.969,33.44,21.6,66.399,3763.211,262.91,0,0,0,,,,5,0.4,0.435,32,66.708,7,77.993,,,,0.2
52:41.6,2,1553790712,parsec.dedup,1.55379E+12,FALSE,3,23055208600,11527601400,876.861,621.983,38398.405,65.454,150.721,53.601,1091.211,3800.914,234.765,0,0,0,,,,5,0.398,0.416,32,43.827,7,57.175,,,,0.199
52:47.0,2,1553790712,parsec.dedup,1.55379E+12,FALSE,3,23055368000,11527654600,833.706,589.279,38764.433,66.157,37.28,34.4,83.199,3762.805,239.109,0,0,0,,,,5,0.397,0.424,32,85.32,7,95.832,,,,0.198
52:52.2,2,1553790712,parsec.dedup,1.55379E+12,FALSE,3,23054899100,11527455500,790.921,548.125,37812.152,59.256,125.92,76,1056,3801.363,211.868,0,0,0,,,,5,0.396,0.443,32,53.542,7,60.915,,,,0.198
52:57.5,2,1553790712,parsec.dedup,1.55379E+12,FALSE,3,23055267600,11527630200,754.5,520.878,36572.543,65.611,16.64,21.6,51.999,3763.418,234.761,0,0,0,,,,5,0.396,0.435,32,33.181,7,38.445,,,,0.198
53:03.1,2,1553790712,parsec.dedup,1.55379E+12,FALSE,3,23055300200,11527650800,813.704,562.832,36747.29,63.936,917.447,84.801,3512.032,3798.895,224.959,0,0,0,,,,5,0.399,0.438,32,37.401,7,43.39,,,,0.2
53:08.2,2,1553790712,parsec.dedup,1.55379E+12,FALSE,3,23055303800,11527656000,754.348,521.954,36546.128,62.677,16.8,23.2,27.2,3759.473,172.017,0,0,0,,,,5,0.386,0.4,32,37.476,7,45.581,,,,0.193
53:13.5,2,1553790712,parsec.dedup,1.55379E+12,FALSE,3,23047344600,11523669800,763.152,523.274,39262.762,59.78,17.76,29.6,32,3760.277,200.491,0,0,0,,,,5,0.387,0.419,32,39.753,7,46.228,,,,0.194
53:18.6,2,1553790712,parsec.dedup,1.55379E+12,FALSE,3,23047344600,11523669800,763.152,523.274,39905.045,58.124,16.96,16,20.8,3787.895,194.115,0,0,0,,,,5,0.379,0.403,32,47.187,7,57.113,,,,0.19
53:23.6,2,1553790712,parsec.dedup,1.55379E+12,FALSE,3,23052449400,11526233400,724.483,492.412,38342.977,57.639,283.522,35.2,1310.41,3804.043,196.244,0,0,0,,,,5,0.369,0.386,32,48.509,7,54.304,,,,0.185
53:28.7,2,1553790712,parsec.dedup,1.55379E+12,FALSE,3,23054015800,11527010200,730.205,499.526,38625.808,55.75,352.64,65.6,1163.998,3804.434,189.834,0,0,0,,,,5,0.379,0.407,32,45.994,7,51.474,,,,0.19
53:33.9,2,1553790712,parsec.dedup,1.55379E+12,FALSE,3,23055314800,11527633400,700.355,475.371,36846.647,57.195,14.4,20,27.2,3765.645,181.167,0,0,0,,,,5,0.38,0.405,32,51.11,7,63.068,,,,0.19
53:39.0,2,1553790712,parsec.dedup,1.55379E+12,FALSE,3,23055314800,11527633400,700.355,475.371,38438.026,53.918,54.08,46.4,86.399,3765.879,181.969,0,0,0,,,,5,0.39,0.43,32,49.292,7,60.208,,,,0.195
53:44.2,2,1553790712,parsec.dedup,1.55379E+12,FALSE,3,23037696600,11518862200,691.457,471.691,39811.767,54.393,27.68,20,21.6,3764.492,169.116,0,0,0,,,,5,0.385,0.41,32,41.829,7,53.273,,,,0.193
53:49.4,2,1553790712,parsec.dedup,1.55379E+12,FALSE,3,23054445800,11527244600,691.215,467.198,37261.723,56.376,89.76,55.2,999.203,3798.684,178.521,0,0,0,,,,5,0.388,0.422,32,46.318,7,56.121,,,,0.194
53:54.5,2,1553790712,parsec.dedup,1.55379E+12,FALSE,3,23054445800,11527244600,691.215,467.198,38781.062,54.12,511.297,68.792,1374.233,3808.746,135.812,0,0,0,,,,5,0.383,0.416,32,48.918,7,58.939,,,,0.192
54:00.2,2,1553790712,parsec.dedup,1.55379E+12,FALSE,3,23055352400,11527660200,693.623,464.78,38493.877,52.795,20.163,22.403,24.003,3796.539,169.713,0,0,0,,,,5,0.372,0.39,32,115.066,8,126.737,,,,0.186
54:05.3,2,1553790712,parsec.dedup,1.55379E+12,FALSE,3,23055280400,11527653000,691.721,464.127,38816.694,52.68,12.96,23.2,25.6,3803.848,173.955,0,0,0,,,,5,0.383,0.405,32,45.003,7,55.387,,,,0.192
54:10.5,2,1553790712,parsec.dedup,1.55379E+12,FALSE,3,23054003600,11527015800,697.338,471.632,37834.716,56.337,558.723,80.801,1999.217,3762.016,177.283,0,0,0,,,,5,0.4,0.434,32,43.018,7,49.295,,,,0.2
54:15.7,2,1553790712,parsec.dedup,1.55379E+12,FALSE,3,23054003600,11527015800,697.338,471.632,38649.327,51.349,9.6,15.2,17.6,3763.586,163.148,0,0,0,,,,5,0.398,0.456,32,42.53,7,52.442,,,,0.199
54:20.8,2,1553790712,parsec.dedup,1.55379E+12,FALSE,3,23053639200,11526795000,674.269,453.72,38665.376,50.362,12.959,21.599,30.399,3803.137,165.349,0,0,0,,,,5,0.379,0.417,32,37.434,7,48.145,,,,0.19
54:26.5,2,1553790712,parsec.dedup,1.55379E+12,FALSE,3,23055383000,11527688400,642.521,437.646,37489.932,49.163,283.9,51.598,1005.129,3799.559,158.475,0,0,0,,,,5,0.379,0.417,32,38.538,8,46.467,,,,0.19
54:32.1,2,1553790712,parsec.dedup,1.55379E+12,FALSE,3,23054881200,11527425600,670.17,454.3,39475.952,48.607,13.601,19.201,24.002,3805.289,126.414,0,0,0,,,,5,0.365,0.382,32,36.554,8,42.434,,,,0.182
54:37.8,2,1553790712,parsec.dedup,1.55379E+12,FALSE,3,23055404000,11527698000,639.477,430.232,39973.856,48.924,125.758,58.399,650.389,3805.617,148.458,0,0,0,,,,5,0.37,0.392,32,34.46,8,43.885,,,,0.185
54:43.5,2,1553790712,parsec.dedup,1.55379E+12,FALSE,3,23055495200,11527746000,632.806,428.088,39274.118,47.861,19.84,35.999,262.395,3804.539,143.492,0,0,0,,,,5,0.371,0.391,32,33.337,8,40.193,,,,0.185
54:49.2,2,1553790712,parsec.dedup,1.55379E+12,FALSE,3,23055249400,11527597800,634.477,419.859,37198.858,50.817,82.081,67.201,1357.627,3803.895,151.71,0,0,0,,,,5,0.372,0.383,32,36.819,8,43.021,,,,0.186
54:54.4,2,1553790712,parsec.dedup,1.55379E+12,FALSE,3,23055249400,11527597800,634.477,419.859,40419.247,50.006,477.607,74.401,2868.848,3763.18,146.578,0,0,0,,,,5,0.398,0.482,32,35.139,7,47.768,,,,0.199
55:00.0,2,1553790712,parsec.dedup,1.55379E+12,FALSE,3,23055441000,11527729600,661.556,443.693,37076.428,49.033,14.4,21.6,28.8,3798.059,150.996,0,0,0,,,,5,0.379,0.407,32,37.785,8,46.576,,,,0.19
55:05.1,2,1553790712,parsec.dedup,1.55379E+12,FALSE,3,23054678000,11527345400,638.647,423.196,41278.468,47.003,13.12,19.999,24.799,3801.84,149.852,0,0,0,,,,5,0.38,0.398,32,46.776,7,52.71,,,,0.19
55:10.8,2,1553790712,parsec.dedup,1.55379E+12,FALSE,3,23053481200,11526724400,643.887,437.256,37477.405,48.013,113.122,68.002,1607.237,3799.305,147.689,0,0,0,,,,5,0.367,0.382,32,43.245,8,50.35,,,,0.183
55:16.2,2,1553790712,parsec.dedup,1.55379E+12,FALSE,3,23053481200,11526724400,643.887,437.256,38956.046,44.675,21.92,21.6,26.4,3796.852,133.444,0,0,0,,,,5,0.384,0.427,32,91.408,7,98.428,,,,0.192
55:21.6,2,1553790712,parsec.dedup,1.55379E+12,FALSE,3,23049433200,11524726200,608.549,406.13,39867.307,42.679,16.32,22.4,24.799,3798.57,122.201,0,0,0,,,,5,0.356,0.372,32,40.452,8,97.404,,,,0.178
55:27.3,2,1553790712,parsec.dedup,1.55379E+12,FALSE,3,23055156400,11527571400,596.718,388.725,39385.219,43.797,10.24,16.8,21.6,3800.375,121.246,0,0,0,,,,5,0.372,0.394,32,59.033,8,64.963,,,,0.186
55:32.3,2,1553790712,parsec.dedup,1.55379E+12,FALSE,3,23054398200,11527182300,592.891,385.637,38994.651,45.132,31.84,34.402,35.202,3795.238,124.588,0,0,0,,,,5,0.38,0.391,32,48.355,7,57.779,,,,0.19
55:38.0,2,1553790712,parsec.dedup,1.55379E+12,FALSE,3,23055206800,11527602400,581.51,381.864,40402.341,41.565,918.885,78.4,3044.017,3796.023,117.119,0,0,0,,,,5,0.374,0.405,32,47.072,8,58.422,,,,0.187
55:43.6,2,1553790712,parsec.dedup,1.55379E+12,FALSE,3,23053977400,11526968800,553.435,354.41,41380.687,40.027,20.64,29.599,32.799,3794.949,108.904,0,0,0,,,,5,0.388,0.431,32,46.065,8,52.345,,,,0.194
55:49.2,2,1553790712,parsec.dedup,1.55379E+12,FALSE,3,23053977400,11526968800,553.435,354.41,41622.471,41.149,52.641,22.401,54.401,3801.879,107.281,0,0,0,,,,5,0.374,0.406,32,45.579,8,52.121,,,,0.187
55:54.7,2,1553790712,parsec.dedup,1.55379E+12,FALSE,3,23054512800,11527227000,564.746,353.087,39297.869,39.79,18.56,23.199,27.199,3762.43,112.16,0,0,0,,,,5,0.366,0.389,32,35.16,8,43.354,,,,0.183
56:00.3,2,1553790712,parsec.dedup,1.55379E+12,FALSE,3,23055415800,11527706200,591.991,369.008,40087.375,39.195,30.4,54.4,594.405,3762.484,93.278,0,0,0,,,,5,0.369,0.4,32,32.04,8,38.433,,,,0.184
56:05.3,2,1553790712,parsec.dedup,1.55379E+12,FALSE,3,23054941600,11527456200,540.082,345.999,38068.686,38.505,92.479,67.198,1050.375,3791.438,103.199,0,0,0,,,,5,0.366,0.393,32,32.515,7,38.083,,,,0.183
56:10.4,2,1553790712,parsec.dedup,1.55379E+12,FALSE,3,23054941600,11527456200,540.082,345.999,37652.854,39.885,634.093,55.202,3431.314,3763,101.997,0,0,0,,,,5,0.378,0.43,32,45.449,7,54.786,,,,0.189
56:16.0,2,1553790712,parsec.dedup,1.55379E+12,FALSE,3,23055325200,11527651200,534.223,337.568,39673.798,38.187,224.638,43.199,149.598,3761.281,105.08,0,0,0,,,,5,0.367,0.395,32,52.33,8,60.057,,,,0.183
56:21.4,2,1553790712,parsec.dedup,1.55379E+12,FALSE,3,23052432200,11526210400,544.927,342.378,41585.373,36.304,11.12,18.4,20.4,3796.602,97.473,0,0,0,,,,5,0.367,0.384,32,48.201,8,59.009,,,,0.183
56:27.0,2,1553790712,parsec.dedup,1.55379E+12,FALSE,3,23053588400,11526786400,549.806,346.38,40384.919,35.018,19.04,16.8,17.6,3760.648,90.346,0,0,0,,,,5,0.368,0.392,32,45.527,8,50.936,,,,0.184
56:32.7,2,1553790712,parsec.dedup,1.55379E+12,FALSE,3,23055151800,11527580400,505.937,321.091,40185.299,32.911,521.126,75.201,2088.024,3762.797,78.146,0,0,0,,,,5,0.378,0.443,32,87.21,8,98.231,,,,0.189
56:38.3,2,1553790712,parsec.dedup,1.55379E+12,FALSE,3,23054887200,11527429600,503.991,311.205,39878.564,32.197,13.279,15.999,19.199,3760.559,79.755,0,0,0,,,,5,0.381,0.422,32,42.902,8,54.438,,,,0.191
56:43.7,2,1553790712,parsec.dedup,1.55379E+12,FALSE,3,23053678400,11526817800,490.802,304.673,40766.086,30.704,9.44,18.4,21.6,3790.586,62.047,0,0,0,,,,5,0.355,0.374,32,47.837,8,58.611,,,,0.177
56:49.2,2,1553790712,parsec.dedup,1.55379E+12,FALSE,3,23053678400,11526817800,490.802,304.673,42762.701,31.951,505.131,84.802,1697.64,3800.516,77.6,0,0,0,,,,5,0.363,0.394,32,45.727,8,58.608,,,,0.181
56:54.7,2,1553790712,parsec.dedup,1.55379E+12,FALSE,3,23053720000,11526851600,503.841,312.347,40940.451,32.434,13.76,16.8,22.4,3801.035,78.373,0,0,0,,,,5,0.355,0.369,32,47.663,8,61.07,,,,0.177
56:59.9,2,1553790712,parsec.dedup,1.55379E+12,FALSE,3,23053086400,11526524400,483.652,307.341,39159.922,31.3,13.76,20,22.4,3760.648,70.92,0,0,0,,,,5,0.379,0.412,32,40.984,7,48.955,,,,0.19
57:05.4,2,1553790712,parsec.dedup,1.55379E+12,FALSE,3,23054100400,11527032800,473.32,289.02,38934.579,30.215,489.443,68.001,2095.227,3762,74.728,0,0,0,,,,5,0.37,0.388,32,31.856,8,37.348,,,,0.185
57:11.0,2,1553790712,parsec.dedup,1.55379E+12,FALSE,3,23054100400,11527032800,473.32,289.02,40684.783,34.086,13.44,20,27.2,3761.434,76.966,0,0,0,,,,5,0.369,0.397,32,37.01,8,43.525,,,,0.184
57:16.6,2,1553790712,parsec.dedup,1.55379E+12,FALSE,3,23052074600,11526036400,474.395,293.906,39560.04,29.067,248.639,48,763.998,3789.742,65.341,0,0,0,,,,5,0.362,0.374,32,46.61,8,53.584,,,,0.181
57:22.0,2,1553790712,parsec.dedup,1.55379E+12,FALSE,3,23054832200,11527393800,471.023,280.216,41208.319,27.986,10.4,12.8,15.2,3762.188,53.265,0,0,0,,,,5,0.361,0.386,32,44.119,8,51.523,,,,0.18
57:27.5,2,1553790712,parsec.dedup,1.55379E+12,FALSE,3,23054963700,11527468100,465.255,279.175,40625.64,28.744,13.12,19.2,21.6,3761.453,61.935,0,0,0,,,,5,0.368,0.39,32,40.976,8,47.374,,,,0.184
57:33.0,2,1553790712,parsec.dedup,1.55379E+12,FALSE,3,23055116400,11527552800,461.386,280.187,39010.053,28.056,65.599,55.999,536.787,3773.195,59.64,0,0,0,,,,5,0.364,0.392,32,37.533,8,45.6,,,,0.182
57:38.6,2,1553790712,parsec.dedup,1.55379E+12,FALSE,3,23055234600,11527608200,464.65,281.682,40505.942,29.275,454.251,45.601,896.82,3794.992,63.069,0,0,0,,,,5,0.367,0.396,32,40.023,8,45.972,,,,0.183
57:44.4,2,1553790712,parsec.dedup,1.55379E+12,FALSE,3,23055234600,11527608200,464.65,281.682,37974.822,29.008,10.4,14.4,14.4,3793.996,65.194,0,0,0,,,,5,0.361,0.399,32,47.248,8,58.121,,,,0.18
57:49.6,2,1553790712,parsec.dedup,1.55379E+12,FALSE,3,23054700000,11527345400,454.145,274.336,40601.422,25.551,12.96,18.4,23.2,3795.672,54.146,0,0,0,,,,5,0.359,0.389,32,165.396,7,172.406,,,,0.179
57:54.9,2,1553790712,parsec.dedup,1.55379E+12,FALSE,3,23053667200,11526823800,418.432,241.909,40805.149,27.217,68.161,88.002,2258.44,3796.785,53.698,0,0,0,,,,5,0.339,0.359,32,48.224,8,59.284,,,,0.17
58:00.3,2,1553790712,parsec.dedup,1.55379E+12,FALSE,3,23055290000,11527625600,447.504,269.445,40134.081,26.503,487.669,72.798,2404.742,3800.633,57.183,0,0,0,,,,5,0.367,0.395,32,44.5,8,54.991,,,,0.183
58:05.8,2,1553790712,parsec.dedup,1.55379E+12,FALSE,3,23055290000,11527625600,447.504,269.445,38836.44,26.099,16.48,22.4,24,3761.258,54.652,0,0,0,,,,5,0.36,0.386,32,40.366,8,46.858,,,,0.18
58:10.9,2,1553790712,parsec.dedup,1.55379E+12,FALSE,3,23055321800,11527650000,443.659,257.52,42527.664,25.461,13.28,19.2,27.2,3798.969,40.581,0,0,0,,,,5,0.378,0.431,32,62.884,7,73.505,,,,0.189
58:16.3,2,1553790712,parsec.dedup,1.55379E+12,FALSE,3,23054183400,11527074600,434.94,261.738,38351.544,28.054,859.68,74.399,3385.563,3793.113,53.773,0,0,0,,,,5,0.357,0.392,32,46.077,8,52.307,,,,0.178
58:21.7,2,1553790712,parsec.dedup,1.55379E+12,FALSE,3,23055391600,11527683600,442.475,273.579,39296.752,24.959,9.76,16,20,3761.523,47.436,0,0,0,,,,5,0.348,0.358,32,43.164,8,49.861,,,,0.174
58:27.2,2,1553790712,parsec.dedup,1.55379E+12,FALSE,3,23055249300,11527617700,439.876,269.516,42762.997,25.308,13.28,16.8,20,3797.836,51.251,0,0,0,,,,5,0.366,0.39,32,53.211,8,60.359,,,,0.183
58:32.7,2,1553790712,parsec.dedup,1.55379E+12,FALSE,3,23055165400,11527572200,459.95,271.54,39829.638,27.163,866.421,76.002,3428.082,3800.148,56.317,0,0,0,,,,5,0.367,0.417,32,34.287,8,40.159,,,,0.183
58:38.1,2,1553790712,parsec.dedup,1.55379E+12,FALSE,3,23055232800,11527610800,400.116,220.834,37633.458,17.365,12,80.8,85.6,3796.078,28.962,0,0,0,,,,5,0.352,0.388,32,37.018,8,43.405,,,,0.176
58:43.2,2,1553790712,parsec.dedup,1.55379E+12,FALSE,3,23055232800,11527610800,400.116,220.834,32873.377,10.271,13.44,14.4,15.2,3761.652,1.773,0,0,0,,,,5,0.365,0.395,32,44.486,7,53.804,,,,0.182
58:48.8,2,1553790712,parsec.dedup,1.55379E+12,FALSE,3,23055040000,11527519200,306.404,152.598,35413.309,10.562,13.28,20.8,23.2,3796.18,1.28,0,0,0,,,,5,0.348,0.373,32,34.711,8,40.038,,,,0.174
58:54.3,2,1553790712,parsec.dedup,1.55379E+12,FALSE,3,23054978000,11527492200,317,163.786,32228.667,10.615,454.389,79.998,2334.344,3793.809,1.319,0,0,0,,,,5,0.358,0.399,32,31.8,8,37.385,,,,0.179
58:59.7,2,1553790712,parsec.dedup,1.55379E+12,FALSE,3,23054778600,11527394400,319.787,156.907,34429.665,9.409,11.52,16,16.8,3761.281,1.278,0,0,0,,,,5,0.346,0.377,32,33.767,8,43.128,,,,0.173
59:05.3,2,1553790712,parsec.dedup,1.55379E+12,FALSE,3,23054778600,11527394400,319.787,156.907,32951.771,10.295,13.12,20,27.2,3759.488,1.027,0,0,0,,,,5,0.361,0.401,32,77.448,8,85.287,,,,0.18
59:10.5,2,1553790712,parsec.dedup,1.55379E+12,FALSE,3,23055156000,11527576600,330.1,161.421,32396.349,10.501,31.68,63.2,744.005,3761.148,1.308,0,0,0,,,,5,0.364,0.412,32,43.152,7,51.011,,,,0.182
59:15.7,2,1553790712,parsec.dedup,1.55379E+12,FALSE,3,23055172400,11527582800,301.228,153.686,33230.881,10.311,206.236,47.999,2276.761,3759.242,1.043,0,0,0,,,,5,0.339,0.372,32,35.584,8,50.29,,,,0.17
59:21.0,2,1553790712,parsec.dedup,1.55379E+12,FALSE,3,23055172400,11527582800,301.228,153.686,35744.98,9.764,623.685,45.6,729.606,3799.926,0.958,0,0,0,,,,5,0.337,0.359,32,34.975,8,46.107,,,,0.169
59:26.6,2,1553790712,parsec.dedup,1.55379E+12,FALSE,3,23054954200,11527470600,339.678,174.682,33668.71,10.29,13.44,20,23.6,3793.617,1.387,0,0,0,,,,5,0.35,0.375,32,54.922,8,60.239,,,,0.175
59:31.8,2,1553790712,parsec.dedup,1.55379E+12,FALSE,3,23049595400,11524800600,316.995,158.723,36206.226,10.359,12.96,27.2,28.8,3760.395,0.923,0,0,0,,,,5,0.334,0.358,32,39.131,8,47.744,,,,0.167
59:37.2,2,1553790712,parsec.dedup,1.55379E+12,FALSE,3,23054919000,11527465600,326.082,167.744,32988.994,9.45,460.482,66.401,2434.418,3793.488,1.087,0,0,0,,,,5,0.342,0.359,32,51.304,8,61.821,,,,0.171
59:42.8,2,1553790712,parsec.dedup,1.55379E+12,FALSE,3,23055242800,11527619800,317.666,158.906,33727.54,10.255,13.44,19.2,23.2,3794.32,0.903,0,0,0,,,,5,0.34,0.355,32,46.604,8,58.68,,,,0.17
59:48.1,2,1553790712,parsec.dedup,1.55379E+12,FALSE,3,23053737600,11526871600,306.712,155.599,31778.015,9.922,12.96,24,37.6,3791.965,0.887,0,0,0,,,,5,0.379,0.429,32,46.703,7,52.482,,,,0.19
59:53.6,2,1553790712,parsec.dedup,1.55379E+12,FALSE,3,23054959000,11527484800,313.53,156.767,34202.671,10.301,244.002,64.801,1320.018,3796.273,1.071,0,0,0,,,,5,0.338,0.355,32,33.194,8,38.401,,,,0.169
59:59.1,2,1553790712,parsec.dedup,1.55379E+12,FALSE,3,23054959000,11527484800,313.53,156.767,32520.407,9.591,10.08,12,15.2,3797.012,0.963,0,0,0,,,,5,0.355,0.391,32,43.078,8,57.353,,,,0.177
00:04.8,2,1553790712,parsec.dedup,1.55379E+12,FALSE,3,23055256800,11527626200,312.13,155.944,34236.703,10.403,13.6,25.601,33.601,3758.402,0.961,0,0,0,,,,5,0.358,0.41,32,42.857,8,49.515,,,,0.179
00:10.4,2,1553790712,parsec.dedup,1.55379E+12,FALSE,3,23054360200,11527176600,314.245,160.268,33559.308,10.278,14.08,32,38.4,3757.695,1.06,0,0,0,,,,5,0.347,0.375,32,43.727,8,51.002,,,,0.173
00:15.9,2,1553790712,parsec.dedup,1.55379E+12,FALSE,3,23054880000,11527445000,311.594,156.987,32189.854,9.752,823.528,70.401,2348.824,3762.336,0.798,0,0,0,,,,5,0.348,0.371,32,44.858,8,56.837,,,,0.174