date,DISTSIM_BENCH.active_cores,DISTSIM_BENCH.benchmark_grp,DISTSIM_BENCH.benchmark_id,DISTSIM_BENCH.benchtime_ms,DISTSIM_BENCH.dataprocessed,DISTSIM_BENCH.host_CPI,DISTSIM_BENCH.host_L2_BW,DISTSIM_BENCH.host_L3_BW,DISTSIM_BENCH.host_L3_SYSTEM_BW,DISTSIM_BENCH.host_MEM_BW,DISTSIM_BENCH.host_context_switch,DISTSIM_BENCH.host_cpupercent,DISTSIM_BENCH.host_disk_io,DISTSIM_BENCH.host_disk_io_time,DISTSIM_BENCH.host_disk_weighted_io_time,DISTSIM_BENCH.host_memory,DISTSIM_BENCH.host_network,DISTSIM_BENCH.host_pagefault,DISTSIM_BENCH.host_sched_iowait,DISTSIM_BENCH.host_sched_wait,DISTSIM_BENCH.interference,DISTSIM_BENCH.interference-0,DISTSIM_BENCH.interference-1,DISTSIM_BENCH.interval,DISTSIM_BENCH.latency,DISTSIM_BENCH.latency90,DISTSIM_BENCH.memory_limit,DISTSIM_BENCH.process_dur_ms,DISTSIM_BENCH.throughput,DISTSIM_BENCH.total_dur_ms,DISTSIM_BENCH.web_IPC,DISTSIM_BENCH.web_cpupercent,DISTSIM_BENCH.web_memory,DISTSIM_BENCH.weighted_latency
3/28/2019 9:48:02.845000000 AM,2,1553784454.0,prev,1553784482222,False,3,23055038800,11527515200,99.218,63.838,8277.152,10.109,7.841,20.804,24.804,3282.492,35.88,0,0,0,,,,5,0.001,0.001,32,48.389,1,58.803000000000004,,,,0.001
3/28/2019 9:48:08.021000000 AM,2,1553784454.0,pmd,1553784487448,False,3,23055038800,11527515200,99.218,63.838,10311.552,17.725,992.4879999999999,565.605,806.407,3287.738,35.181,0,0,0,,,,5,0.312,0.376,32,30.801,4,37.852999999999994,,,,0.156
3/28/2019 9:48:13.380000000 AM,2,1553784454.0,pmd,1553784492790,False,3,23055228200,11527602400,288.266,122.176,12621.605,19.453,201.438,84.799,1018.388,3301.961,30.495,0,0,0,,,,5,0.295,0.333,32,45.231,9,58.116,,,,0.147
3/28/2019 9:48:18.912000000 AM,2,1553784454.0,pmd,1553784498350,False,3,23055379600,11527679600,456.551,176.774,12422.071,21.858,45.599,39.199,47.998,3303.863,35.454,0,0,0,,,,5,0.296,0.316,32,33.381,9,40.217999999999996,,,,0.148
3/28/2019 9:48:24.026000000 AM,2,1553784454.0,pmd,1553784503468,False,3,23055293200,11527637800,428.664,160.654,12165.086,19.95,39.362,90.404,142.406,3327.445,33.865,0,0,0,,,,5,0.288,0.306,32,31.679,9,37.267,,,,0.144
3/28/2019 9:48:29.299000000 AM,2,1553784454.0,pmd,1553784508727,False,3,23055293200,11527637800,428.664,160.654,12604.382,20.012,189.919,73.599,979.989,3291.152,30.148,0,0,0,,,,5,0.293,0.324,32,40.626000000000005,9,47.95399999999999,,,,0.146
3/28/2019 9:48:34.535000000 AM,2,1553784454.0,pmd,1553784513973,False,3,23054878000,11527435200,460.361,165.612,13674.542,22.553,44.159,41.599,54.399,3313.379,36.349,0,0,0,,,,5,0.304,0.368,32,32.974999999999994,9,39.372,,,,0.152
3/28/2019 9:48:39.760000000 AM,2,1553784454.0,pmd,1553784519198,False,3,23054987200,11527492200,445.19,163.351,11532.532,20.498,274.083,88.801,1536.018,3333.328,31.134,0,0,0,,,,5,0.289,0.331,32,36.031,9,41.396,,,,0.144
3/28/2019 9:48:44.924000000 AM,2,1553784454.0,pmd,1553784524339,False,3,23054987200,11527492200,445.19,163.351,12044.666,20.062,52.64,40,52,3296.074,25.142,0,0,0,,,,5,0.299,0.332,32,41.307,9,54.199999999999996,,,,0.149
3/28/2019 9:48:50.612000000 AM,2,1553784454.0,pmd,1553784530032,False,3,23053678800,11526828400,484.361,168.303,14482.973,19.425,51.999,38.399,51.999,3322.91,31.188,0,0,0,,,,5,0.3,0.328,32,45.377,10,53.654,,,,0.15
3/28/2019 9:48:55.878000000 AM,2,1553784454.0,pmd,1553784535317,False,3,23055365600,11527661200,458.538,169.018,12430.732,20.244,211.045,79.202,732.821,3307.504,25.956,0,0,0,,,,5,0.303,0.334,32,31.486,9,37.059000000000005,,,,0.151
3/28/2019 9:49:01.380000000 AM,2,1553784454.0,pmd,1553784540806,False,3,23054952600,11527470800,428.674,154.787,12136.876,19.715,49.599999999999994,36.8,48.4,3343.355,27.239,0,0,0,,,,5,0.294,0.326,32,48.650999999999996,10,53.939,,,,0.147
3/28/2019 9:49:06.703000000 AM,2,1553784454.0,pmd,1553784546140,False,3,23054952600,11527470800,428.674,154.787,12953.457,18.847,195.998,82.398,559.988,3320.805,28.681,0,0,0,,,,5,0.296,0.358,32,36.638,9,41.919,,,,0.148
3/28/2019 9:49:11.925000000 AM,2,1553784454.0,pmd,1553784551347,False,3,23054542600,11527259200,453.829,158.304,11916.981,20.956,52.48,35.201,51.201,3326.008,32.624,0,0,0,,,,5,0.299,0.341,32,37.175,9,46.883,,,,0.149
3/28/2019 9:49:16.956000000 AM,2,1553784454.0,pmd,1553784556365,False,3,23054833600,11527412000,432.759,149.832,12559.338,20.371,44.16,44.8,56,3344.895,29.449,0,0,0,,,,5,0.287,0.303,32,45.214999999999996,9,57.389,,,,0.143
3/28/2019 9:49:21.994000000 AM,2,1553784454.0,pmd,1553784561432,False,3,23055205800,11527592200,459.303,169.69,11021.034,20.839,193.921,76,638.404,3330.535,19.05,0,0,0,,,,5,0.29,0.319,32,33.961,9,39.252,,,,0.145
3/28/2019 9:49:27.037000000 AM,2,1553784454.0,pmd,1553784566450,False,3,23055205800,11527592200,459.303,169.69,11798.221,19.689,54.56,39.2,55.2,3336.863,29.013,0,0,0,,,,5,0.288,0.345,32,46.061,9,55.315000000000005,,,,0.144
3/28/2019 9:49:32.369000000 AM,2,1553784454.0,pmd,1553784571805,False,3,23055225600,11527608800,450.873,160.1,11893.118,18.383,52.798,43.198,75.997,3318.32,26.429,0,0,0,,,,5,0.295,0.305,32,39.072,9,44.312,,,,0.147
3/28/2019 9:49:37.717000000 AM,2,1553784454.0,pmd,1553784577140,False,3,23055224000,11527610200,420.308,148.024,10567.611,19.414,126.085,54.402,938.433,3327.207,26.223,0,0,0,,,,5,0.301,0.355,32,43.971000000000004,9,52.781,,,,0.15
3/28/2019 9:49:42.750000000 AM,2,1553784454.0,pmd,1553784582182,False,3,23055224000,11527610200,420.308,148.024,11586.32,20.321,281.125,84.001,2014.431,3327.066,26.361,0,0,0,,,,5,0.284,0.302,32,40.442,9,47.293,,,,0.142
3/28/2019 9:49:47.965000000 AM,2,1553784454.0,pmd,1553784587344,False,3,23054622600,11527309000,448.288,155.179,12616.18,20.03,52.639,40.799,55.199,3316.461,28.174,0,0,0,,,,5,0.3,0.347,32,90.781,9,101.05799999999999,,,,0.15
3/28/2019 9:49:53.056000000 AM,2,1553784454.0,pmd,1553784592481,False,3,23054496400,11527240600,464.085,170.681,11931.044,21.428,54.239999999999995,55.2,83.201,3304.895,32.525,0,0,0,,,,5,0.306,0.408,32,30.029,9,45.295,,,,0.153
3/28/2019 9:49:58.259000000 AM,2,1553784454.0,pmd,1553784597681,False,3,23055031200,11527499800,462.064,160.641,11801.722,18.276,341.28,86.4,2243.994,3340.859,27.635,0,0,0,,,,5,0.311,0.355,32,43.943999999999996,9,55.730000000000004,,,,0.155
3/28/2019 9:50:03.269000000 AM,2,1553784454.0,pmd,1553784602705,False,3,23055031200,11527499800,462.064,160.641,12990.068,21.523,53.44,44,61.6,3333.934,31.115,0,0,0,,,,5,0.288,0.314,32,36.291999999999994,9,42.169,,,,0.144
3/28/2019 9:50:08.529000000 AM,2,1553784454.0,pmd,1553784607957,False,3,23055249200,11527620000,464.501,165.584,11818.055,20.714,52.96,38.4,64,3321.395,24.996,0,0,0,,,,5,0.288,0.32,32,33.382000000000005,9,41.730999999999995,,,,0.144
3/28/2019 9:50:13.703000000 AM,2,1553784454.0,pmd,1553784613140,False,3,23055108200,11527544600,451.876,160.039,11490.934,21.256,362.393,99.198,3601.53,3300.141,27.649,0,0,0,,,,5,0.295,0.314,32,29.534000000000002,9,35.318000000000005,,,,0.147
3/28/2019 9:50:18.955000000 AM,2,1553784454.0,pmd,1553784618390,False,3,23054412600,11527191600,431.801,157.245,12097.296,18.79,49.441,37.601,57.601,3338.73,29.346,0,0,0,,,,5,0.3,0.34,32,38.184000000000005,9,45.441,,,,0.15
3/28/2019 9:50:24.170000000 AM,2,1553784454.0,pmd,1553784623593,False,3,23054412600,11527191600,431.801,157.245,12468.579,19.098,54.72,51.2,70.4,3316.941,30.211,0,0,0,,,,5,0.296,0.33,32,35.596000000000004,9,46.449,,,,0.148
3/28/2019 9:50:29.468000000 AM,2,1553784454.0,pmd,1553784628893,False,3,23048576000,11524286800,451.356,163.024,12938.88,21.413,196.641,83.201,956.807,3330.762,30.527,0,0,0,,,,5,0.293,0.32,32,40.842999999999996,9,49.334,,,,0.146
3/28/2019 9:50:34.911000000 AM,2,1553784454.0,pmd,1553784634336,False,3,23055172000,11527586000,453.521,168.269,11569.802,21.236,53.117,40.798,56.797,3320.781,30.494,0,0,0,,,,5,0.301,0.354,32,32.207,9,43.143,,,,0.15
3/28/2019 9:50:40.024000000 AM,2,1553784454.0,pmd,1553784639443,False,3,23055172000,11527586000,453.521,168.269,12411.084,20.06,64.003,67.203,294.414,3340.93,32.841,0,0,0,,,,5,0.297,0.333,32,43.804,9,51.998999999999995,,,,0.148
3/28/2019 9:50:45.540000000 AM,2,1553784454.0,pmd,1553784644970,False,3,23054909800,11527432600,432.441,157.453,12570.336,20.703,53.12,44.8,72,3309.23,29.924,0,0,0,,,,5,0.307,0.371,32,33.258,9,40.834,,,,0.153
3/28/2019 9:50:50.830000000 AM,2,1553784454.0,pmd,1553784650255,False,3,23054250800,11527120400,442.96,161.449,13739.292,21.775,346.878,83.199,2881.581,3319.055,30.928,0,0,0,,,,5,0.286,0.311,32,37.662,9,48.211999999999996,,,,0.143
3/28/2019 9:50:56.202000000 AM,2,1553784454.0,pmd,1553784655571,False,3,23054863000,11527419400,446.039,154.73,11912.882,20.628,57.599999999999994,44.8,60,3351.32,31.777,0,0,0,,,,5,0.294,0.316,32,105.712,9,111.029,,,,0.147
3/28/2019 9:51:01.457000000 AM,2,1553784454.0,pmd,1553784660880,False,3,23054863000,11527419400,446.039,154.73,12286.648,20.989,196.719,66.399,1193.593,3333.176,33.697,0,0,0,,,,5,0.301,0.348,32,41.966,9,52.005,,,,0.15
3/28/2019 9:51:06.679000000 AM,2,1553784454.0,pmd,1553784666106,False,3,23054963800,11527481600,462.61,178.239,12524.934,20.288,44.161,36.001,46.402,3338.68,34.65,0,0,0,,,,5,0.293,0.31,32,41.528000000000006,9,49.832,,,,0.146
3/28/2019 9:51:12.041000000 AM,2,1553784454.0,pmd,1553784671450,False,3,23054388400,11527189200,442.937,157.843,12625.393,23.012,85.599,77.599,945.591,3348.91,36.685,0,0,0,,,,5,0.3,0.336,32,43.545,9,57.563,,,,0.15
3/28/2019 9:51:17.418000000 AM,2,1553784454.0,pmd,1553784676842,False,3,23055193000,11527579800,450.41,165.705,12118.652,22.947,182.881,87.201,934.409,3302.098,43.038,0,0,0,,,,5,0.293,0.308,32,36.672999999999995,9,46.65,,,,0.146
3/28/2019 9:51:22.845000000 AM,2,1553784454.0,pmd,1553784682259,False,3,23055129800,11527557600,461.594,179.513,13836.432,24.365,53.118,37.598,48.798,3320.246,39.666,0,0,0,,,,5,0.31,0.343,32,43.583,9,53.769999999999996,,,,0.155
3/28/2019 9:51:28.459000000 AM,2,1553784454.0,pmd,1553784687869,False,3,23055027200,11527503200,480.173,183.298,13743.32,24.114,61.121,47.201,61.601,3351.27,39.886,0,0,0,,,,5,0.312,0.351,32,47.179,9,58.141,,,,0.156
3/28/2019 9:51:33.679000000 AM,2,1553784454.0,pmd,1553784693111,False,3,23055178600,11527575000,445.037,171.752,11830.631,21.722,135.363,80.002,1773.639,3320.488,30.931,0,0,0,,,,5,0.289,0.309,32,38.248,9,45.299,,,,0.144
3/28/2019 9:51:38.731000000 AM,2,1553784454.0,pmd,1553784698144,False,3,23055178600,11527575000,445.037,171.752,13478.828,24.378,53.439,33.599,46.399,3321.41,48.616,0,0,0,,,,5,0.317,0.347,32,43.516,8,54.302,,,,0.159
3/28/2019 9:51:43.835000000 AM,2,1553784454.0,pmd,1553784703271,False,3,23054924400,11527461800,465.332,181.716,13703.971,27.095,80.482,79.201,936.816,3335.711,44.444,0,0,0,,,,5,0.296,0.318,32,38.972,9,44.708999999999996,,,,0.148
3/28/2019 9:51:49.041000000 AM,2,1553784454.0,pmd,1553784708487,False,3,23054828200,11527406200,523.541,221.601,13043.61,29.912,74.559,69.599,551.992,3348.762,67.514,0,0,0,,,,5,0.331,0.38,32,29.038,8,33.925,,,,0.166
3/28/2019 9:51:54.487000000 AM,2,1553784454.0,pmd,1553784713898,False,3,23055107400,11527544600,513.292,204.89,13031.038,27.845,336.472,99.998,4847.891,3303.191,62.963,0,0,0,,,,5,0.329,0.416,32,38.510999999999996,9,53.361,,,,0.165
3/28/2019 9:51:59.737000000 AM,2,1553784454.0,pmd,1553784719154,False,3,23055107400,11527544600,513.292,204.89,14167.195,30.257,54.56,40,56,3317.516,71.664,0,0,0,,,,5,0.296,0.317,32,45.744,9,56.296,,,,0.148
3/28/2019 9:52:05.026000000 AM,2,1553784454.0,pmd,1553784724401,False,3,23055210400,11527597400,504.351,205.892,14091.569,28.15,51.202,38.401,50.402,3351.652,56.13,0,0,0,,,,5,0.302,0.353,32,86.328,9,100.175,,,,0.151
3/28/2019 9:52:10.468000000 AM,2,1553784454.0,pmd,1553784729884,False,3,23055186400,11527574000,516.851,217.88,13777.749,31.15,146.882,92.001,1048.011,3328.48,66.579,0,0,0,,,,5,0.323,0.369,32,41.989,9,52.473,,,,0.162
3/28/2019 9:52:15.858000000 AM,2,1553784454.0,pmd,1553784735293,False,3,23055186400,11527574000,516.851,217.88,14731.345,29.822,71.839,51.999,79.199,3344.813,54.909,0,0,0,,,,5,0.326,0.347,32,36.769000000000005,9,42.899,,,,0.163
3/28/2019 9:52:21.407000000 AM,2,1553784454.0,pmd,1553784740825,False,3,23055317400,11527644600,551.872,251.783,14921.904,32.299,213.36100000000002,64,1397.21,3342.813,71.957,0,0,0,,,,5,0.314,0.342,32,46.907,9,58.729000000000006,,,,0.157
3/28/2019 9:52:26.708000000 AM,2,1553784454.0,pmd,1553784746129,False,3,23046980200,11523467600,523.54,228.29,13266.581,36.74,63.679,52.799,124.798,3334.133,101.302,0,0,0,,,,5,0.301,0.333,32,36.786,9,46.553999999999995,,,,0.15
3/28/2019 9:52:31.899000000 AM,2,1553784454.0,pmd,1553784751324,False,3,23055370000,11527666200,593.308,289.074,13871.703,37.626,40.001,50.401,84.002,3365.223,84.458,0,0,0,,,,5,0.31,0.344,32,45.884,9,52.095,,,,0.155
3/28/2019 9:52:37.471000000 AM,2,1553784454.0,pmd,1553784756902,False,3,23054974200,11527474200,608.062,297.572,14067.592,46.768,53.439,46.399,71.198,3316.809,146.895,0,0,0,,,,5,0.323,0.389,32,38.603,9,45.839,,,,0.162
3/28/2019 9:52:42.826000000 AM,2,1553784454.0,pmd,1553784762248,False,3,23054343600,11527161400,628.716,317.197,14590.483,45.892,136.637,79.999,952.783,3342.316,128.198,0,0,0,,,,5,0.317,0.338,32,38.758,9,48.175999999999995,,,,0.159
3/28/2019 9:52:48.410000000 AM,2,1553784454.0,pmd,1553784767856,False,3,23055158000,11527599600,716.157,388.479,12454.659,48.152,43.202,35.201,43.202,3353.855,153.923,0,0,0,,,,5,0.327,0.362,32,28.371,9,32.998,,,,0.164
3/28/2019 9:52:54.029000000 AM,2,1553784454.0,pmd,1553784773449,False,3,23055158000,11527599600,716.157,388.479,12595.833,53.084,119.99300000000001,73.596,604.77,3358.133,162.004,0,0,0,,,,5,0.326,0.335,32,37.316,9,48.432,,,,0.163
3/28/2019 9:52:59.651000000 AM,2,1553784454.0,pmd,1553784779083,False,3,23055192800,11527571400,726.19,407.826,12936.448,50.918,46.242000000000004,54.402,94.404,3368.648,125.614,0,0,0,,,,5,0.331,0.361,32,41.266,9,47.304,,,,0.166
3/28/2019 9:53:05.234000000 AM,2,1553784454.0,pmd,1553784784656,False,3,23054390800,11527204000,718.098,397.791,14234.83,52.432,335.524,88.001,1378.416,3355.836,162.367,0,0,0,,,,5,0.326,0.345,32,36.189,9,47.592000000000006,,,,0.163
3/28/2019 9:53:10.643000000 AM,2,1553784454.0,pmd,1553784790061,False,3,23055387800,11527696800,739.043,411.068,12070.351,52.276,39.68,47.2,56.799,3368.652,170.47,0,0,0,,,,5,0.319,0.337,32,39.523,9,50.903,,,,0.16
3/28/2019 9:53:15.776000000 AM,2,1553784454.0,pmd,1553784795133,False,3,23055387800,11527696800,739.043,411.068,12888.12,55.166,57.92100000000001,55.201,90.402,3315.824,162.576,0,0,0,,,,5,0.334,0.352,32,99.646,8,110.152,,,,0.167
3/28/2019 9:53:21.322000000 AM,2,1553784454.0,pmd,1553784800727,False,3,23054141800,11527065000,784.688,459.577,6837.274,59.41,109.598,92.397,582.388,3320.119,201.583,0,0,0,,,,5,0.328,0.358,32,44.075,9,64.966,,,,0.164
3/28/2019 9:53:26.833000000 AM,2,1553784454.0,pmd,1553784806272,False,3,23046134400,11523060600,755.947,433.968,14298.934,72.609,142.567,78.396,319.183,3328.531,276.215,0,0,0,,,,5,0.334,0.371,32,28.951,9,35.501999999999995,,,,0.167
3/28/2019 9:53:32.234000000 AM,2,1553784454.0,pmd,1553784811649,False,3,22904632000,11452303400,932.837,591.753,13794.399,70.549,75.516,56.803,180.811,3357.07,252.097,0,0,0,,,,5,0.358,0.408,32,48.546,8,64.019,,,,0.179
3/28/2019 9:53:37.703000000 AM,2,1553784454.0,pmd,1553784817122,False,3,23055256200,11527630600,1013.432,691.294,14517.622,89.817,194.07,95.195,537.573,3364.766,312.881,0,0,0,,,,5,0.384,0.466,32,38.228,8,49.501999999999995,,,,0.192
3/28/2019 9:53:43.060000000 AM,2,1553784454.0,pmd,1553784822480,False,3,23054013000,11527008200,1080.661,727.077,15281.402,87.327,59.045,47.204,122.41,3357.25,343.256,0,0,0,,,,5,0.352,0.366,32,36.695,8,47.169999999999995,,,,0.176
3/28/2019 9:53:48.226000000 AM,2,1553784454.0,pmd,1553784827644,False,3,23054013000,11527008200,1080.661,727.077,14459.265,89.782,214.883,104.802,1205.618,3337.262,361.02,0,0,0,,,,5,0.36,0.395,32,38.697,8,50.8,,,,0.18
3/28/2019 9:53:53.481000000 AM,2,1553784454.0,pmd,1553784832923,False,3,23050339600,11525132000,1118.69,773.151,15600.008,91.539,60.961,46.4,213.602,3363.07,360.451,0,0,0,,,,5,0.357,0.372,32,29.233999999999998,8,37.759,,,,0.178
3/28/2019 9:53:58.726000000 AM,2,1553784454.0,pmd,1553784838150,False,3,23055208800,11527572800,1166.07,828.935,15965.532,91.768,46.24,52.799,62.399,3338.629,384.96,0,0,0,,,,5,0.346,0.366,32,35.311,8,46.811,,,,0.173
3/28/2019 9:54:04.313000000 AM,2,1553784454.0,pmd,1553784843736,False,3,23015013000,11507501800,1134.638,785.969,14135.95,91.102,512.318,107.999,2599.984,3358.699,402.504,0,0,0,,,,5,0.353,0.38,32,37.427,8,46.991,,,,0.176
3/28/2019 9:54:09.809000000 AM,2,1553784454.0,pmd,1553784849245,False,3,23015013000,11507501800,1134.638,785.969,15888.329,86.996,54.24,42.4,64.8,3337.902,352.565,0,0,0,,,,5,0.351,0.382,32,36.458,8,43.206,,,,0.175
3/28/2019 9:54:15.112000000 AM,2,1553784454.0,pmd,1553784854521,False,3,23055336000,11527675800,1039.871,698.135,14661.734,84.913,57.28,46.401,62.401,3363.484,317.887,0,0,0,,,,5,0.358,0.387,32,41.8,8,52.391,,,,0.179
3/28/2019 9:54:20.456000000 AM,2,1553784454.0,pmd,1553784859889,False,3,23048218200,11524126200,1144.974,815.447,14356.209,92.97,290.56,105.6,1704.803,3383.898,361.055,0,0,0,,,,5,0.37,0.404,32,36.998000000000005,8,44.195,,,,0.185
3/28/2019 9:54:26.001000000 AM,2,1553784454.0,pmd,1553784865420,False,3,23055388800,11527672000,1164.489,820.708,14771.272,92.494,75.68,52,64.8,3369.547,321.234,0,0,0,,,,5,0.375,0.45,32,42.397999999999996,8,52.581,,,,0.188
3/28/2019 9:54:31.354000000 AM,2,1553784454.0,pmd,1553784870766,False,3,23055388800,11527672000,1164.489,820.708,15857.116,93.382,221.039,71.6,1207.992,3356.439,365.289,0,0,0,,,,5,0.372,0.417,32,49.189,8,65.10499999999999,,,,0.186
3/28/2019 9:54:36.616000000 AM,2,1553784454.0,pmd,1553784876026,False,3,23055345200,11527716600,1142.765,791.412,13752.393,93.933,62.72,52.8,69.6,3381.051,372.973,0,0,0,,,,5,0.355,0.376,32,43.416999999999994,8,58.496,,,,0.177
3/28/2019 9:54:41.980000000 AM,2,1553784454.0,pmd,1553784881396,False,3,23048846000,11524473400,1174.46,841.769,14766.606,91.157,229.275,91.198,1929.558,3371.34,357.127,0,0,0,,,,5,0.338,0.364,32,44.693,8,53.442,,,,0.169
3/28/2019 9:54:47.189000000 AM,2,1553784454.0,pmd,1553784886594,False,3,23040914400,11520478200,1151.191,819.543,14118.599,93.994,152.16,69.6,172.8,3405.336,366.245,0,0,0,,,,5,0.347,0.369,32,46.571,8,61.269,,,,0.173
3/28/2019 9:54:52.482000000 AM,2,1553784454.0,pmd,1553784891905,False,3,23044091100,11522040000,1156.075,822.281,16748.582,94.697,55.201,56.801,68.801,3387.961,381.807,0,0,0,,,,5,0.349,0.368,32,35.859,8,45.821,,,,0.174
3/28/2019 9:54:57.708000000 AM,2,1553784454.0,pmd,1553784897120,False,3,23055219600,11527650000,1153.521,834.324,14643.576,91.058,62.72,50.4,64,3439.219,374.019,0,0,0,,,,5,0.357,0.39,32,44.755,8,56.711,,,,0.178
3/28/2019 9:55:02.853000000 AM,2,1553784454.0,pmd,1553784902271,False,3,23055219600,11527650000,1153.521,834.324,15116.388,93.639,284.801,92,1714.406,3432.035,398.243,0,0,0,,,,5,0.344,0.352,32,37.973,8,45.221,,,,0.172
3/28/2019 9:55:08.256000000 AM,2,1553784454.0,pmd,1553784907666,False,3,23055162600,11527541200,1172.104,843.331,15462.593,92.023,54.56,49.6,63.2,3407.305,355.464,0,0,0,,,,5,0.372,0.425,32,45.153,8,56.698,,,,0.186
3/28/2019 9:55:13.761000000 AM,2,1553784454.0,pmd,1553784913181,False,3,23034768200,11517365600,1148.629,828.462,15052.397,92.768,63.52,47.2,56,3432.625,328.161,0,0,0,,,,5,0.36,0.387,32,42,8,50.491,,,,0.18
3/28/2019 9:55:19.047000000 AM,2,1553784454.0,pmd,1553784918483,False,3,22882854000,11441424400,1161.877,835.356,15763.401,93.458,406.082,80.8,1799.208,3398.121,395.192,0,0,0,,,,5,0.365,0.385,32,34.881,8,41.995,,,,0.182
3/28/2019 9:55:24.367000000 AM,2,1553784454.0,pmd,1553784923799,False,3,22882854000,11441424400,1161.877,835.356,16612.705,93.017,69.92,51.2,72,3440.332,385.254,0,0,0,,,,5,0.345,0.355,32,30.688,8,39.974000000000004,,,,0.172
3/28/2019 9:55:30.009000000 AM,2,1553784454.0,pmd,1553784929386,False,3,23055194400,11527602800,1181.035,846.794,15268.727,93.731,64.632,55.194,70.392,3437.441,376.985,0,0,0,,,,5,0.368,0.4,32,79.206,8,89.527,,,,0.184
3/28/2019 9:55:35.294000000 AM,2,1553784454.0,pmd,1553784934705,False,3,23055181200,11527560200,1153.908,834.913,14845.818,93.567,578.141,120.813,4090.031,3458.656,396.021,0,0,0,,,,5,0.356,0.378,32,44.007,8,57.11,,,,0.178
3/28/2019 9:55:40.681000000 AM,2,1553784454.0,pmd,1553784940096,False,3,23055181200,11527560200,1153.908,834.913,15842.43,93.769,72.6,58.368,75.159,3440.563,402.572,0,0,0,,,,5,0.376,0.405,32,41.332,8,53.979,,,,0.188
3/28/2019 9:55:46.029000000 AM,2,1553784454.0,pmd,1553784945453,False,3,22809379200,11404661800,1173.391,840.254,14245.395,93.61,58.112,50.428,63.235,3402.859,377.778,0,0,0,,,,5,0.373,0.396,32,36.073,8,46.89,,,,0.186
3/28/2019 9:55:51.214000000 AM,2,1553784454.0,pmd,1553784950635,False,3,23041100400,11520582200,1157.271,821.714,15505.297,91.772,60.96,57.6,83.999,3440.371,288.759,0,0,0,,,,5,0.346,0.362,32,35.062000000000005,8,48.010999999999996,,,,0.173
3/28/2019 9:55:56.562000000 AM,2,1553784454.0,pmd,1553784955997,False,3,23051685000,11525839200,1151.274,824.69,14585.689,92.701,234.64,68,908.003,3426.773,390.501,0,0,0,,,,5,0.355,0.383,32,35.55,8,42.096000000000004,,,,0.177
3/28/2019 9:56:01.847000000 AM,2,1553784454.0,pmd,1553784961290,False,3,23051685000,11525839200,1151.274,824.69,14814.919,91.003,54.081,54.401,63.201,3434.961,346.339,0,0,0,,,,5,0.356,0.39,32,27.955000000000002,8,35.48,,,,0.178
3/28/2019 9:56:07.045000000 AM,2,1553784454.0,pmd,1553784966469,False,3,23045403400,11522681800,1160.205,825.311,14722.618,90.321,77.76,62.401,75.201,3422.199,396.249,0,0,0,,,,5,0.348,0.38,32,37.394999999999996,8,46.309000000000005,,,,0.174
3/28/2019 9:56:12.368000000 AM,2,1553784454.0,pmd,1553784971785,False,3,23050509000,11525254600,1103.835,765.814,15032.052,86.982,290.711,96.797,1721.544,3457.414,357.863,0,0,0,,,,5,0.359,0.385,32,35.09,8,47.538,,,,0.179
3/28/2019 9:56:17.511000000 AM,2,1553784454.0,pmd,1553784976955,False,3,23045406600,11522716600,1068.416,738.29,14840.749,87.94,155.043,76.001,254.404,3438.148,335.65,0,0,0,,,,5,0.347,0.37,32,28.818,8,34.419,,,,0.173
3/28/2019 9:56:22.827000000 AM,2,1553784454.0,pmd,1553784982260,False,3,23055370600,11527647200,1094.894,732.784,15807.687,87.043,60.481,50.401,62.401,3463.781,349.83,0,0,0,,,,5,0.377,0.442,32,33.389,8,44.125,,,,0.189
3/28/2019 9:56:28.138000000 AM,2,1553784454.0,pmd,1553784987561,False,3,23055158600,11527557200,1069.088,734.408,14581.489,87.983,65.065,59.95,75.137,3438.453,352.941,0,0,0,,,,5,0.359,0.387,32,41.247,8,51.535,,,,0.179
3/28/2019 9:56:33.202000000 AM,2,1553784454.0,pmd,1553784992630,False,3,23055158600,11527557200,1069.088,734.408,14710.871,84.906,307.77799999999996,104.888,1802.308,3425.559,273.572,0,0,0,,,,5,0.342,0.355,32,32.445,8,42.071,,,,0.171
3/28/2019 9:56:38.535000000 AM,2,1553784454.0,pmd,1553784997937,False,3,23055272600,11527649400,1099.327,770.931,15612.164,82.462,105.75999999999999,51.2,156.8,3469.863,341.955,0,0,0,,,,5,0.363,0.383,32,38.063,8,66.115,,,,0.181
3/28/2019 9:56:43.707000000 AM,2,1553784454.0,pmd,1553785003112,False,3,23055226400,11527616000,1058.453,722.931,15811.282,85.897,62.399,53.599,69.599,3447.805,332.991,0,0,0,,,,5,0.345,0.384,32,49.751999999999995,8,64.346,,,,0.172
3/28/2019 9:56:48.861000000 AM,2,1553784454.0,pmd,1553785008296,False,3,23054559600,11527252400,1059.034,721.96,15301.212,83.652,231.191,96.797,1695.94,3428.281,327.416,0,0,0,,,,5,0.345,0.384,32,39.079,8,45.032000000000004,,,,0.172
3/28/2019 9:56:53.875000000 AM,2,1553784454.0,pmd,1553785013313,False,3,23054559600,11527252400,1059.034,721.96,15204.458,80.244,72.163,58.402,81.603,3476.824,306.387,0,0,0,,,,5,0.345,0.366,32,31.240000000000002,8,38.144,,,,0.172
3/28/2019 9:56:59.108000000 AM,2,1553784454.0,pmd,1553785018538,False,3,23055257600,11527637800,1061.787,705.791,14972.968,81.658,321.604,93.601,1328.019,3459.758,328.368,0,0,0,,,,5,0.353,0.396,32,38.143,8,45.733000000000004,,,,0.176
3/28/2019 9:57:04.332000000 AM,2,1553784454.0,pmd,1553785023753,False,3,23055211600,11527603400,981.921,664.703,14386.249,80.752,61.278,56.798,74.397,3442.684,305.427,0,0,0,,,,5,0.35,0.392,32,34.915,8,48.684,,,,0.175
3/28/2019 9:57:09.581000000 AM,2,1553784454.0,pmd,1553785028996,False,3,23055201200,11527584000,985.516,643.786,14894.856,76.365,79.52199999999999,72.801,108.001,3438.801,302.833,0,0,0,,,,5,0.352,0.395,32,39.213,8,51.442,,,,0.176
3/28/2019 9:57:14.616000000 AM,2,1553784454.0,pmd,1553785034056,False,3,23055201200,11527584000,985.516,643.786,14645.485,71.493,224.16500000000002,77.602,1773.649,3473.492,218.488,0,0,0,,,,5,0.33,0.344,32,31.852999999999998,8,37.946,,,,0.165
3/28/2019 9:57:20.236000000 AM,2,1553784454.0,pmd,1553785039655,False,3,23045600200,11522787000,972.849,635.562,15399.421,78.075,70.559,55.199,122.398,3466.258,294.4,0,0,0,,,,5,0.341,0.362,32,46.906000000000006,9,55.356,,,,0.171
3/28/2019 9:57:25.443000000 AM,2,1553784454.0,pmd,1553785044860,False,3,23055466400,11527774600,959.645,618.835,13618.959,75.39,59.68000000000001,51.2,67.2,3460.602,279.558,0,0,0,,,,5,0.338,0.366,32,37.06,8,48.516999999999996,,,,0.169
3/28/2019 9:57:30.663000000 AM,2,1553784454.0,pmd,1553785050082,False,3,23055466400,11527774600,959.645,618.835,14520.131,71.719,48.641,43.201,61.601,3460.859,277.898,0,0,0,,,,5,0.347,0.386,32,38.098,8,48.414,,,,0.173
3/28/2019 9:57:35.790000000 AM,2,1553784454.0,pmd,1553785055225,False,3,23053599000,11526793200,925.858,594.858,13636.546,77.349,347.201,93.6,1630.403,3432.574,280.766,0,0,0,,,,5,0.351,0.378,32,33.549,8,40.707,,,,0.175
3/28/2019 9:57:41.427000000 AM,2,1553784454.0,pmd,1553785060843,False,3,23050875200,11525431000,981.177,650.806,14593.076,75.846,49.120000000000005,36.4,49.2,3478.701,288.408,0,0,0,,,,5,0.332,0.357,32,41.355999999999995,9,53.101,,,,0.166
3/28/2019 9:57:46.657000000 AM,2,1553784454.0,pmd,1553785066059,False,3,23051880000,11525944000,955.697,606.139,13784.524,78.892,285.281,88,1060.804,3462.426,297.974,0,0,0,,,,5,0.343,0.383,32,51.333999999999996,8,64.155,,,,0.172
3/28/2019 9:57:51.650000000 AM,2,1553784454.0,pmd,1553785071069,False,3,23051880000,11525944000,955.697,606.139,14568.673,76.502,69.279,53.599,73.599,3465.035,296.529,0,0,0,,,,5,0.345,0.366,32,41.266,8,50.861999999999995,,,,0.172
3/28/2019 9:57:56.989000000 AM,2,1553784454.0,pmd,1553785076412,False,3,22918843400,11459420200,986.999,651.401,14100.02,76.842,54.72,53.6,68,3481.891,227.671,0,0,0,,,,5,0.37,0.417,32,35.589000000000006,8,48.467999999999996,,,,0.185
3/28/2019 9:58:02.200000000 AM,2,1553784454.0,pmd,1553785081583,False,3,22334526800,11527483900,981.325,633.267,13642.309,75.67,273.60200000000003,68.001,1144.81,3479.621,296.623,0,0,0,,,,5,0.341,0.353,32,71.97399999999999,8,85.733,,,,0.171
3/28/2019 9:58:07.509000000 AM,2,1553784454.0,pmd,1553785086927,False,3,21613726800,11527308400,969.804,624.734,14418.223,73.962,65.761,107.201,149.602,3437.414,279.535,0,0,0,,,,5,0.357,0.401,32,37.167,8,50.778,,,,0.178
3/28/2019 9:58:12.674000000 AM,2,1553784454.0,pmd,1553785092102,False,3,23055243000,11527606000,924.155,594.874,14129.747,74.555,287.517,83.999,969.59,3470.238,274.931,0,0,0,,,,5,0.346,0.378,32,43.25,8,49.514,,,,0.173
3/28/2019 9:58:17.850000000 AM,2,1553784454.0,pmd,1553785097271,False,3,23043470800,11521747200,959.836,629.432,13789.205,73.654,64,54.4,70.399,3468.625,274.257,0,0,0,,,,5,0.345,0.393,32,37.038000000000004,8,46.391,,,,0.172
3/28/2019 9:58:23.181000000 AM,2,1553784454.0,pmd,1553785102621,False,3,23037519600,11518752200,915.748,593.165,13888.684,72.695,65.92,97.599,141.598,3441.508,267.277,0,0,0,,,,5,0.336,0.354,32,33.334999999999994,8,39.334,,,,0.168
3/28/2019 9:58:28.447000000 AM,2,1553784454.0,pmd,1553785107857,False,3,23037519600,11518752200,915.748,593.165,14155.946,74.613,327.20599999999996,103.202,1174.427,3476.293,280.472,0,0,0,,,,5,0.35,0.38,32,46.754999999999995,8,58.152,,,,0.175
3/28/2019 9:58:33.555000000 AM,2,1553784454.0,pmd,1553785112983,False,3,23038045400,11519008400,943.13,618.231,14790.794,73.174,68.801,49.601,63.201,3462.773,283.241,0,0,0,,,,5,0.345,0.391,32,33.353,8,42.113,,,,0.172
3/28/2019 9:58:38.947000000 AM,2,1553784454.0,pmd,1553785118366,False,3,23052941200,11526463400,979.817,647.946,13304.988,76.774,79.678,56.799,76.799,3440.695,235.988,0,0,0,,,,5,0.355,0.388,32,38.688,8,48.134,,,,0.177
3/28/2019 9:58:44.031000000 AM,2,1553784454.0,pmd,1553785123447,False,3,23052941200,11526463400,979.817,647.946,13760.764,76.672,241.756,100.798,1286.376,3478.359,286.912,0,0,0,,,,5,0.35,0.387,32,41.663,8,51.736999999999995,,,,0.175
3/28/2019 9:58:49.649000000 AM,2,1553784454.0,pmd,1553785129076,False,3,23055015000,11527516200,982.325,646.179,15483.744,77.581,62.721,64.001,168.004,3477.41,295.911,0,0,0,,,,5,0.339,0.386,32,37.021,9,48.078,,,,0.17
3/28/2019 9:58:54.733000000 AM,2,1553784454.0,pmd,1553785134152,False,3,23055586000,11527793600,987.519,642.233,14726.877,76.03,188.483,92.801,968.813,3472.086,295.963,0,0,0,,,,5,0.344,0.375,32,37.147,8,49.806000000000004,,,,0.172
3/28/2019 9:59:00.190000000 AM,2,1553784454.0,pmd,1553785139604,False,3,23055249000,11527605200,1003.156,653.212,14149.447,77.117,53.439,39.199,51.999,3454.465,297.291,0,0,0,,,,5,0.353,0.382,32,40.656,8,54.547,,,,0.176
3/28/2019 9:59:05.482000000 AM,2,1553784454.0,pmd,1553785144853,False,3,23055249000,11527605200,1003.156,653.212,13506.681,78.183,307.202,103.201,2575.213,3480.379,293.028,0,0,0,,,,5,0.355,0.404,32,88.21,8,97.849,,,,0.177
3/28/2019 9:59:10.666000000 AM,2,1553784454.0,pmd,1553785150102,False,3,23047640400,11523789400,983.047,668.527,13883.715,74.997,68.16,55.999,75.999,3462.891,278.442,0,0,0,,,,5,0.35,0.379,32,35.863,8,42.554,,,,0.175
3/28/2019 9:59:15.995000000 AM,2,1553784454.0,pmd,1553785155438,False,3,23055304200,11527665200,985.654,650.526,13794.72,78.786,50.56,61.6,75.199,3426.09,292.037,0,0,0,,,,5,0.359,0.399,32,31.158,8,37.204,,,,0.179
3/28/2019 9:59:21.426000000 AM,2,1553784454.0,pmd,1553785160835,False,3,23055332000,11527675200,993.261,662.987,14386.893,77.655,202.965,79.601,1104.435,3472.941,268.273,0,0,0,,,,5,0.342,0.365,32,44.411,8,55.558,,,,0.171
3/28/2019 9:59:26.504000000 AM,2,1553784454.0,pmd,1553785165948,False,3,23055332000,11527675200,993.261,662.987,15026.704,76.752,136.96,66.4,925.603,3477.135,261.598,0,0,0,,,,5,0.34,0.364,32,30.466,8,35.217999999999996,,,,0.17
3/28/2019 9:59:31.709000000 AM,2,1553784454.0,pmd,1553785171120,False,3,23052155200,11526068800,983.644,635.565,13656.963,81.301,79.84,57.6,74.4,3463.574,295.659,0,0,0,,,,5,0.338,0.366,32,43.96,8,54.644999999999996,,,,0.169
3/28/2019 9:59:36.782000000 AM,2,1553784454.0,pmd,1553785176222,False,3,23055103200,11527539400,979.52,641.501,13728.365,75.637,53.12,44,60.8,3453.508,303.468,0,0,0,,,,5,0.336,0.363,32,34.124,8,39.006,,,,0.168
3/28/2019 9:59:41.882000000 AM,2,1553784454.0,pmd,1553785181309,False,3,23055103200,11527539400,979.52,641.501,14480.397,77.22,291.677,94.399,1326.386,3451.152,284.861,0,0,0,,,,5,0.35,0.388,32,39.122,8,48.118,,,,0.175
3/28/2019 9:59:46.983000000 AM,2,1553784454.0,pmd,1553785186402,False,3,23054382800,11527192000,981.212,646.888,14318.161,81.055,56.319,46.399,60.799,3496.801,302.469,0,0,0,,,,5,0.345,0.382,32,37.830999999999996,8,48.477,,,,0.172
3/28/2019 9:59:52.176000000 AM,2,1553784454.0,pmd,1553785191578,False,3,23054628500,11527303800,988.351,644.683,13752.236,75.06,43.681,37.601,49.601,3485.133,285.902,0,0,0,,,,5,0.342,0.35,32,55.775,8,66.802,,,,0.171
3/28/2019 9:59:57.283000000 AM,2,1553784454.0,pmd,1553785196699,False,3,23055316400,11527636200,975.998,641.019,13757.369,76.624,55.199,43.199,56.799,3478.809,299.238,0,0,0,,,,5,0.344,0.381,32,42.512,8,51.88,,,,0.172
3/28/2019 10:00:02.469000000 AM,2,1553784454.0,pmd,1553785201903,False,3,23055283000,11527623500,977.053,647.856,15416.426,75.439,235.363,104.802,1408.827,3449.398,226.992,0,0,0,,,,5,0.349,0.377,32,35.916999999999994,8,44.367999999999995,,,,0.174
3/28/2019 10:00:07.741000000 AM,2,1553784454.0,pmd,1553785207157,False,3,23055261400,11527654600,992.836,653.246,14021.177,77.074,41.12,37.6,51.2,3494.641,288.557,0,0,0,,,,5,0.34,0.349,32,43.019,8,53.693999999999996,,,,0.17
3/28/2019 10:00:12.811000000 AM,2,1553784454.0,pmd,1553785212224,False,3,23053269200,11526645800,947.149,620.884,13603.303,74.014,57.76,46.4,66.4,3497.199,282.875,0,0,0,,,,5,0.33,0.351,32,44.43,8,54.306,,,,0.165
3/28/2019 10:00:17.920000000 AM,2,1553784454.0,pmd,1553785217344,False,3,23053269200,11526645800,947.149,620.884,14908.577,75.711,357.124,91.201,1348.815,3484.258,291.904,0,0,0,,,,5,0.347,0.382,32,34.571,8,45.285,,,,0.173
3/28/2019 10:00:23.248000000 AM,2,1553784454.0,pmd,1553785222628,False,3,23055334600,11527655400,999.686,653.709,14756.546,75.88,59.519999999999996,56,70.4,3464.168,295.313,0,0,0,,,,5,0.372,0.417,32,76.496,8,88.972,,,,0.186
3/28/2019 10:00:28.757000000 AM,2,1553784454.0,pmd,1553785228170,False,3,23054246400,11527100800,955.825,632.851,13333.362,76.552,62.879,66.399,83.999,3487.203,291.589,0,0,0,,,,5,0.352,0.382,32,38.911,8,55.343999999999994,,,,0.176
3/28/2019 10:00:33.796000000 AM,2,1553784454.0,pmd,1553785233207,False,3,23054246400,11527100800,955.825,632.851,14011.601,75.735,267.844,68.801,861.614,3458.152,288.103,0,0,0,,,,5,0.336,0.344,32,46.314,8,56.518,,,,0.168
3/28/2019 10:00:38.889000000 AM,2,1553784454.0,pmd,1553785238305,False,3,23055270000,11527654000,951.407,621.55,15190.046,76.823,52.479,50.399,65.599,3450.012,290.82,0,0,0,,,,5,0.329,0.342,32,40.263,8,49.591,,,,0.165
3/28/2019 10:00:44.118000000 AM,2,1553784454.0,pmd,1553785243528,False,3,23055359600,11527675800,970.718,625.497,15369.564,80.274,171.203,106.401,848.811,3491.258,297.438,0,0,0,,,,5,0.34,0.359,32,39.010000000000005,8,54.178999999999995,,,,0.17
3/28/2019 10:00:49.207000000 AM,2,1553784454.0,pmd,1553785248633,False,3,23053904000,11526942600,1017.619,673.002,15099.961,79.829,132.8,72.8,272.801,3480.609,245.052,0,0,0,,,,5,0.35,0.361,32,42.595,8,48.893,,,,0.175
3/28/2019 10:00:54.443000000 AM,2,1553784454.0,pmd,1553785253861,False,3,23053904000,11526942600,1017.619,673.002,14234.6,79.017,56.32,48.8,106.4,3467.598,304.561,0,0,0,,,,5,0.348,0.373,32,40.065000000000005,8,49.954,,,,0.174
3/28/2019 10:00:59.648000000 AM,2,1553784454.0,pmd,1553785259074,False,3,22923733800,11461855600,1000.921,653.831,14104.689,80.866,221.281,80,595.204,3448.141,309.135,0,0,0,,,,5,0.352,0.403,32,42.153999999999996,8,49.031,,,,0.176
3/28/2019 10:01:04.781000000 AM,2,1553784454.0,pmd,1553785264208,False,3,23054996000,11527527800,1001.652,664.885,14796.308,81.142,59.519,55.199,89.598,3485.477,300.027,0,0,0,,,,5,0.341,0.364,32,41.25,8,48.256,,,,0.171
3/28/2019 10:01:10.089000000 AM,2,1553784454.0,pmd,1553785269506,False,3,23055221000,11527605200,994.686,654.981,13819.903,78.558,49.919,47.999,68.799,3476.438,313.569,0,0,0,,,,5,0.341,0.367,32,40.709,8,52.005,,,,0.171
3/28/2019 10:01:15.315000000 AM,2,1553784454.0,pmd,1553785274750,False,3,23055221000,11527605200,994.686,654.981,13968.764,79.139,231.846,95.203,1103.232,3443.918,301.881,0,0,0,,,,5,0.365,0.409,32,33.385,8,40.71,,,,0.182
3/28/2019 10:01:20.629000000 AM,2,1553784454.0,pmd,1553785280052,False,3,23055205600,11527575200,975.827,648.161,14825.455,81.389,101.11699999999999,56.798,277.592,3483.105,320.066,0,0,0,,,,5,0.344,0.374,32,36.913000000000004,8,47.042,,,,0.172
3/28/2019 10:01:25.756000000 AM,2,1553784454.0,pmd,1553785285165,False,3,23054326800,11527146600,1013.291,676.622,14344.761,80.304,285.607,96.003,1193.637,3461.223,315.01,0,0,0,,,,5,0.346,0.38,32,50.123,8,61.178000000000004,,,,0.173
3/28/2019 10:01:30.961000000 AM,2,1553784454.0,pmd,1553785290386,False,3,23055315200,11527654200,1019.541,670.017,14491.539,79.306,39.68,31.2,40,3494.574,252.101,0,0,0,,,,5,0.349,0.372,32,37.426,8,48.874,,,,0.174
3/28/2019 10:01:36.223000000 AM,2,1553784454.0,pmd,1553785295650,False,3,23055315200,11527654200,1019.541,670.017,15187.991,79.779,56.8,43.2,62.4,3478.914,319.9,0,0,0,,,,5,0.351,0.375,32,36.405,8,44.608000000000004,,,,0.175
3/28/2019 10:01:41.448000000 AM,2,1553784454.0,pmd,1553785300855,False,3,23054040400,11527021000,983.126,653.091,14597.232,81.634,144.639,62.8,832.39,3477.188,313.495,0,0,0,,,,5,0.357,0.38,32,43.545,8,60.051,,,,0.178
3/28/2019 10:01:46.479000000 AM,2,1553784454.0,pmd,1553785305909,False,3,23039822000,11519875800,1035.996,690.97,14370.067,85.032,55.84,45.2,53.6,3495.594,335.65,0,0,0,,,,5,0.34,0.352,32,38.330000000000005,8,46.406000000000006,,,,0.17
3/28/2019 10:01:51.801000000 AM,2,1553784454.0,pmd,1553785311219,False,3,23039822000,11519875800,1035.996,690.97,15331.929,87.14,446.397,123.199,4732.772,3465.855,346.253,0,0,0,,,,5,0.353,0.373,32,38.544000000000004,8,48.423,,,,0.176
3/28/2019 10:01:57.073000000 AM,2,1553784454.0,pmd,1553785316499,False,3,22805211000,11402598000,1075.858,728.757,14824.704,86.435,67.199,52.799,68.798,3501.688,343.249,0,0,0,,,,5,0.363,0.403,32,41.521,8,51.018,,,,0.181
3/28/2019 10:02:02.171000000 AM,2,1553784454.0,pmd,1553785321571,False,3,23055134300,11527583900,1057.686,709.072,14101.231,83.986,63.519,42.399,52.799,3490.297,336.967,0,0,0,,,,5,0.343,0.375,32,58.812000000000005,8,68.48,,,,0.172
3/28/2019 10:02:07.300000000 AM,2,1553784454.0,pmd,1553785326718,False,3,23054964400,11527477600,1043.016,694.613,15348.268,85.374,53.282,40.802,232.809,3484.996,343.771,0,0,0,,,,5,0.347,0.38,32,41.161,8,51.748000000000005,,,,0.173
3/28/2019 10:02:12.459000000 AM,2,1553784454.0,pmd,1553785331869,False,3,22982422000,11491200400,1053.149,703.997,14740.608,88.683,269.765,92.002,1628.031,3466.656,273.937,0,0,0,,,,5,0.352,0.384,32,46.385000000000005,8,58.496,,,,0.176
3/28/2019 10:02:17.840000000 AM,2,1553784454.0,pmd,1553785337245,False,3,22904936800,11452439000,1173.518,827.072,14923.828,93.543,52.800000000000004,41.6,52,3493.496,385.03,0,0,0,,,,5,0.359,0.412,32,50.7,8,61.182,,,,0.179
3/28/2019 10:02:23.040000000 AM,2,1553784454.0,pmd,1553785342449,False,3,23055606000,11527812800,1142.114,796.122,15676.165,92.247,517.252,118.394,3904.587,3483.93,373.008,0,0,0,,,,5,0.342,0.358,32,46.749,8,58.146,,,,0.171
3/28/2019 10:02:28.441000000 AM,2,1553784454.0,pmd,1553785347858,False,3,23055606000,11527812800,1142.114,796.122,15177.771,93.087,41.441,37.601,56.001,3501.984,346.296,0,0,0,,,,5,0.374,0.425,32,40.202,8,51.086,,,,0.187
3/28/2019 10:02:33.705000000 AM,2,1553784454.0,pmd,1553785353113,False,3,23055040000,11527481800,1118.188,795.083,15195.592,92.072,64.32000000000001,61.6,126.401,3469.816,391.57,0,0,0,,,,5,0.344,0.376,32,43.947,8,56.647999999999996,,,,0.172
3/28/2019 10:02:39.139000000 AM,2,1553784454.0,pmd,1553785358552,False,3,23048509200,11524225800,1160.795,822.614,15448.752,93.757,384.589,92.788,1247.037,3490.426,370.656,0,0,0,,,,5,0.36,0.401,32,44.974,8,55.032,,,,0.18
3/28/2019 10:02:44.553000000 AM,2,1553784454.0,pmd,1553785363962,False,3,23048509200,11524225800,1160.795,822.614,15077.658,92.211,64.809,53.608,73.611,3473.91,367.398,0,0,0,,,,5,0.379,0.41,32,47.416,8,57.658,,,,0.19
3/28/2019 10:02:49.874000000 AM,2,1553784454.0,pmd,1553785369315,False,3,23055287600,11527635600,1145.444,807.173,15031.192,91.635,60.159000000000006,48.799,59.999,3492.633,374.7,0,0,0,,,,5,0.352,0.372,32,31.794999999999998,8,37.698,,,,0.176
3/28/2019 10:02:55.389000000 AM,2,1553784454.0,pmd,1553785374770,False,3,23055217400,11527603200,1148.437,815.683,15744.594,93.475,228.154,93.598,858.377,3461.906,283.466,0,0,0,,,,5,0.374,0.434,32,83.895,8,90.955,,,,0.187
3/28/2019 10:03:00.459000000 AM,2,1553784454.0,pmd,1553785379904,False,3,23055541200,11527735600,1094.096,776.56,12906.443,90.1,146.619,59.633,232.968,3477.563,342.367,0,0,0,,,,5,0.415,0.48,32,28.396,7,34.338,,,,0.207
3/28/2019 10:03:05.783000000 AM,2,1553784454.0,pmd,1553785385200,False,3,23055541200,11527735600,1094.096,776.56,14610.06,91.741,77.922,55.543,70.033,3480.398,417.545,0,0,0,,,,5,0.357,0.4,32,39.838,8,51.582,,,,0.178
3/28/2019 10:03:11.221000000 AM,2,1553784454.0,pmd,1553785390647,False,3,23055123800,11527537200,1145.31,810.813,15080.181,93.068,300.644,96.801,1147.216,3506.898,383.345,0,0,0,,,,5,0.355,0.38,32,34.625,8,44.836,,,,0.177
3/28/2019 10:03:16.439000000 AM,2,1553784454.0,pmd,1553785395852,False,3,23055195800,11527634000,1176.144,846.202,15020.596,93.181,54.879999999999995,48.4,59.2,3488.355,378.034,0,0,0,,,,5,0.355,0.372,32,41.615,8,54.852,,,,0.177
3/28/2019 10:03:21.466000000 AM,2,1553784454.0,pmd,1553785400889,False,3,23054795200,11527435400,1164.016,836.612,14997.552,92.616,173.042,84.8,632.409,3508.719,374.697,0,0,0,,,,5,0.36,0.401,32,43.918,7,51.69,,,,0.18
3/28/2019 10:03:26.916000000 AM,2,1553784454.0,pmd,1553785406341,False,3,23054795200,11527435400,1164.016,836.612,14083.167,92.579,63.36,47.2,64.8,3468.844,382.156,0,0,0,,,,5,0.376,0.421,32,36.831,8,46.584,,,,0.188
3/28/2019 10:03:32.569000000 AM,2,1553784454.0,pmd,1553785411984,False,3,23055214100,11527577300,1141.563,810.118,15476.77,93.517,224.47299999999998,103.197,2863.103,3480.652,386.133,0,0,0,,,,5,0.37,0.391,32,40.61,8,51.303000000000004,,,,0.185
3/28/2019 10:03:37.805000000 AM,2,1553784454.0,pmd,1553785417229,False,3,23055300600,11527632400,1152.799,818.251,16069.933,91.697,44.64,36,152.802,3513.18,293.55,0,0,0,,,,5,0.356,0.398,32,34.478,8,44.701,,,,0.178
3/28/2019 10:03:43.008000000 AM,2,1553784454.0,pmd,1553785422419,False,3,23044694600,11522330800,1172.732,845.393,15334.436,93.842,65.60000000000001,53.6,66.4,3500.48,398.561,0,0,0,,,,5,0.349,0.371,32,43.475,8,55.663,,,,0.174
3/28/2019 10:03:48.319000000 AM,2,1553784454.0,pmd,1553785427762,False,3,23051276000,11525655000,1157.871,820.177,15166.082,94.083,290.23,87.997,1675.142,3525.445,359.394,0,0,0,,,,5,0.354,0.372,32,28.064,8,36.087,,,,0.177
3/28/2019 10:03:53.570000000 AM,2,1553784454.0,pmd,1553785432981,False,3,23055087000,11527514000,1159.151,828.565,15045.069,93.863,54.562,44.802,59.203,3517.094,377.555,0,0,0,,,,5,0.36,0.386,32,44.546,8,56.644,,,,0.18
3/28/2019 10:03:58.792000000 AM,2,1553784454.0,pmd,1553785438240,False,3,23055087000,11527514000,1159.151,828.565,15321.803,92.181,55.199999999999996,40,50.4,3500.215,366.211,0,0,0,,,,5,0.347,0.378,32,27.648,8,32.349999999999994,,,,0.173
3/28/2019 10:04:04.273000000 AM,2,1553784454.0,pmd,1553785443708,False,3,23055247800,11527624800,1162.933,830.28,15989.926,93.554,322.402,90.401,1587.213,3524.402,414.223,0,0,0,,,,5,0.359,0.392,32,35.77,8,43.986999999999995,,,,0.179
3/28/2019 10:04:09.883000000 AM,2,1553784454.0,pmd,1553785449315,False,3,23054646400,11527337400,1174.721,843.66,15301.192,93.45,71.518,60.798,79.998,3536.07,364.246,0,0,0,,,,5,0.364,0.381,32,37.858000000000004,8,43.528,,,,0.182
3/28/2019 10:04:15.190000000 AM,2,1553784454.0,pmd,1553785454508,False,3,23054646400,11527337400,1174.721,843.66,16685.257,94.282,480.165,116.801,4501.654,3504.938,390.623,0,0,0,,,,5,0.355,0.382,32,150.03900000000002,8,157.723,,,,0.177
3/28/2019 10:04:20.301000000 AM,2,1553784454.0,pmd,1553785459701,False,3,23055249400,11527581800,1196.884,873.657,14920.861,92.52,63.04,51.2,69.6,3489.695,295.56,0,0,0,,,,5,0.356,0.371,32,48.522000000000006,8,67.209,,,,0.178
3/28/2019 10:04:25.598000000 AM,2,1553784454.0,pmd,1553785465026,False,3,23055258200,11527628000,1166.401,832.886,15443.217,92.487,54.07899999999999,45.599,58.399,3529.77,357.229,0,0,0,,,,5,0.358,0.399,32,41.982,8,50.696999999999996,,,,0.179
3/28/2019 10:04:31.001000000 AM,2,1553784454.0,pmd,1553785470437,False,3,22921704600,11460848000,1135.416,806.527,14755.127,92.021,51.2,47.2,71.201,3502.148,367.255,0,0,0,,,,5,0.371,0.41,32,32.271,8,40.134,,,,0.185
3/28/2019 10:04:36.446000000 AM,2,1553784454.0,pmd,1553785475869,False,3,22921704600,11460848000,1135.416,806.527,15402.529,93.037,189.60399999999998,67.601,623.615,3538.684,384.506,0,0,0,,,,5,0.374,0.42,32,40.199,8,47.998,,,,0.187
3/28/2019 10:04:41.790000000 AM,2,1553784454.0,pmd,1553785481221,False,3,23055178600,11527607400,1162.337,826.369,14432.518,93.317,80.96000000000001,56.8,76,3534.023,366.488,0,0,0,,,,5,0.374,0.388,32,37.848,8,46.585,,,,0.187
3/28/2019 10:04:47.113000000 AM,2,1553784454.0,pmd,1553785486523,False,3,23055128300,11527569900,1170.771,848.406,15996.44,93.387,286.554,83.998,1958.364,3543.332,396.316,0,0,0,,,,5,0.35,0.369,32,55.385999999999996,8,66.72500000000001,,,,0.175
3/28/2019 10:04:52.430000000 AM,2,1553784454.0,pmd,1553785491856,False,3,23054892000,11527486200,1168.101,844.442,16097.066,92.83,60.32,63.2,172.8,3541.582,392.195,0,0,0,,,,5,0.354,0.386,32,34.866,8,45.111,,,,0.177
3/28/2019 10:04:57.817000000 AM,2,1553784454.0,pmd,1553785497251,False,3,23055039200,11527512800,1176.407,836.618,14564.966,92.815,53.92,60.8,80,3550.875,359.601,0,0,0,,,,5,0.358,0.399,32,33.516999999999996,8,40.935,,,,0.179
3/28/2019 10:05:03.351000000 AM,2,1553784454.0,pmd,1553785502763,False,3,23050817000,11525391200,1126.269,798.607,14445.16,92.337,443.52700000000004,100.802,1384.024,3502.109,314.046,0,0,0,,,,5,0.379,0.426,32,45.247,8,56.327000000000005,,,,0.19
3/28/2019 10:05:08.659000000 AM,2,1553784454.0,pmd,1553785508096,False,3,23050817000,11525391200,1126.269,798.607,17809.788,91.06,45.44,42.4,48,3544.051,445.569,0,0,0,,,,5,0.363,0.397,32,35.751,8,41.622,,,,0.181
3/28/2019 10:05:13.933000000 AM,2,1553784454.0,pmd,1553785513348,False,3,23055196000,11527570600,1163.073,826.71,15401.436,92.704,72.48,45.6,58.4,3520.797,375.031,0,0,0,,,,5,0.358,0.381,32,42.492000000000004,8,52.186,,,,0.179
3/28/2019 10:05:19.301000000 AM,2,1553784454.0,pmd,1553785518730,False,3,23051146600,11525589800,1131.616,789.843,16106.84,90.929,417.108,111.197,1835.948,3541.637,383.989,0,0,0,,,,5,0.363,0.377,32,41.813,8,47.619,,,,0.181
3/28/2019 10:05:24.699000000 AM,2,1553784454.0,pmd,1553785524116,False,3,23055389000,11527652800,1124.757,799.901,14763.369,92.398,57.077,52.76,67.149,3511.609,371.842,0,0,0,,,,5,0.362,0.394,32,33.399,8,53.287,,,,0.181
3/28/2019 10:05:29.810000000 AM,2,1553784454.0,pmd,1553785529249,False,3,23055389000,11527652800,1124.757,799.901,15138.911,86.989,48.839,52.042,64.051,3548.543,354.862,0,0,0,,,,5,0.356,0.39,32,33.162,8,39.211000000000006,,,,0.178
3/28/2019 10:05:35.141000000 AM,2,1553784454.0,pmd,1553785534561,False,3,23046069200,11523021200,1101.142,751.458,15459.546,87.633,109.44,73.6,90.4,3526.891,359.86,0,0,0,,,,5,0.362,0.4,32,38.454,8,48.579,,,,0.181
3/28/2019 10:05:40.427000000 AM,2,1553784454.0,pmd,1553785539844,False,3,23040488800,11520235400,1090.197,756.128,14528.452,88.224,274.39700000000005,81.599,917.588,3552.176,349.038,0,0,0,,,,5,0.355,0.376,32,40.652,8,51.019,,,,0.177
3/28/2019 10:05:45.507000000 AM,2,1553784454.0,pmd,1553785544921,False,3,23055157600,11527594000,1030.158,692.44,14742.82,83.925,150.238,63.199,341.597,3543.953,318.072,0,0,0,,,,5,0.347,0.368,32,43.695,8,53.367,,,,0.173
3/28/2019 10:05:50.531000000 AM,2,1553784454.0,pmd,1553785549937,False,3,23055157600,11527594000,1030.158,692.44,15426.483,77.755,61.602,50.402,64.002,3528.418,243.329,0,0,0,,,,5,0.338,0.359,32,46.756,8,59.386,,,,0.169
3/28/2019 10:05:55.892000000 AM,2,1553784454.0,pmd,1553785555328,False,3,22992468800,11496213400,994.286,652.212,14253.863,79.106,60.797999999999995,60.798,78.397,3526.355,305,0,0,0,,,,5,0.357,0.414,32,34.007000000000005,8,39.628,,,,0.178
3/28/2019 10:06:00.943000000 AM,2,1553784454.0,pmd,1553785560379,False,3,23055379600,11527694400,918.592,601.063,14036.497,74.144,571.5369999999999,156.005,5953.789,3546.113,267.653,0,0,0,,,,5,0.34,0.397,32,32.909,8,38.735,,,,0.17
3/28/2019 10:06:06.545000000 AM,2,1553784454.0,pmd,1553785565980,False,3,23055384600,11527693400,895.274,567.727,13708.176,70.262,49.919999999999995,44,58.4,3549.512,255.926,0,0,0,,,,5,0.334,0.359,32,38.517,9,44.006,,,,0.167
3/28/2019 10:06:11.740000000 AM,2,1553784454.0,pmd,1553785571173,False,3,23055384600,11527693400,895.274,567.727,13973.279,72.153,219.84,108,1630.401,3531.359,254.5,0,0,0,,,,5,0.341,0.366,32,37.365,8,42.952999999999996,,,,0.171
3/28/2019 10:06:17.335000000 AM,2,1553784454.0,pmd,1553785576773,False,3,23055201600,11527585200,871.415,544.633,13177.112,63.393,76.476,83.196,195.991,3541.441,217.977,0,0,0,,,,5,0.325,0.346,32,35.278,9,40.973,,,,0.163
3/28/2019 10:06:22.958000000 AM,2,1553784454.0,pmd,1553785582367,False,3,23055086000,11527534800,856.135,533.023,13254.577,61.437,145.127,74.403,676.032,3551.484,215.396,0,0,0,,,,5,0.344,0.379,32,42.77,9,52.938,,,,0.172
3/28/2019 10:06:28.463000000 AM,2,1553784454.0,pmd,1553785587900,False,3,23054692800,11527360400,840.706,509.615,14443.075,66.633,88.638,69.598,238.393,3547.602,185.483,0,0,0,,,,5,0.333,0.363,32,36.267,9,41.37,,,,0.167
3/28/2019 10:06:33.620000000 AM,2,1553784454.0,pmd,1553785593061,False,3,23055137200,11527571200,843.646,518.834,14492.906,65.625,139.841,63.201,393.605,3522.816,216.069,0,0,0,,,,5,0.332,0.357,32,31.305,8,37.301,,,,0.166
3/28/2019 10:06:39.149000000 AM,2,1553784454.0,pmd,1553785598587,False,3,23055234200,11527586200,821.506,497.831,12665.217,60.583,61.598,60.798,151.194,3543.625,210.324,0,0,0,,,,5,0.326,0.356,32,33.714,9,40.431000000000004,,,,0.163
3/28/2019 10:06:44.791000000 AM,2,1553784454.0,pmd,1553785604198,False,3,23055234200,11527586200,821.506,497.831,12902.672,60.153,127.205,79.203,806.431,3549.305,191.6,0,0,0,,,,5,0.331,0.362,32,47.311,9,59.349,,,,0.166
3/28/2019 10:06:50.288000000 AM,2,1553784454.0,pmd,1553785609721,False,3,23055042000,11527526200,814.461,488.484,13528.505,59.772,85.439,58.399,206.398,3553.504,204.046,0,0,0,,,,5,0.319,0.335,32,38.732,9,45.149,,,,0.16
3/28/2019 10:06:55.709000000 AM,2,1553784454.0,pmd,1553785615138,False,3,23055402000,11527694800,804.39,478.037,12870.863,64.653,302.083,88.801,2460.023,3546.375,203.723,0,0,0,,,,5,0.313,0.33,32,45.293,9,50.285999999999994,,,,0.157
3/28/2019 10:07:01.259000000 AM,2,1553784454.0,pmd,1553785620697,False,3,23051929600,11525947000,776.421,472.189,12576.785,55.091,45.92,46.4,56,3513.961,184.597,0,0,0,,,,5,0.327,0.344,32,34.571999999999996,9,40.869,,,,0.164
3/28/2019 10:07:06.515000000 AM,2,1553784454.0,pmd,1553785625923,False,3,23051929600,11525947000,776.421,472.189,13377.026,58.636,48,43.599,60.399,3541.186,182.341,0,0,0,,,,5,0.337,0.384,32,44.676,8,56.980000000000004,,,,0.169
3/28/2019 10:07:11.964000000 AM,2,1553784454.0,pmd,1553785631397,False,3,23055375600,11527691800,767.926,449.703,12136.024,56.599,169.925,76.802,776.824,3563.305,132.79,0,0,0,,,,5,0.314,0.332,32,36.592,9,44.219,,,,0.157
3/28/2019 10:07:17.334000000 AM,2,1553784454.0,pmd,1553785636763,False,3,23049831800,11524913800,744.385,427.099,12153.386,53.721,50.24,37.6,53.6,3547.395,172.972,0,0,0,,,,5,0.324,0.346,32,37.437,9,46.940999999999995,,,,0.162
3/28/2019 10:07:22.839000000 AM,2,1553784454.0,pmd,1553785642269,False,3,23054990800,11527501600,730.804,420.72,12685.286,56.497,196.161,88.001,741.607,3553.879,170.062,0,0,0,,,,5,0.318,0.336,32,37.083,9,46.701,,,,0.159
3/28/2019 10:07:28.360000000 AM,2,1553784454.0,pmd,1553785647794,False,3,23055389000,11527712400,753.918,434.598,13211.17,54.774,53.44,48,56.799,3551.586,171.871,0,0,0,,,,5,0.319,0.355,32,36.027,9,42.977000000000004,,,,0.16
3/28/2019 10:07:33.883000000 AM,2,1553784454.0,pmd,1553785653296,False,3,23054630000,11527289800,729.083,413.632,11947.191,53.09,44.158,41.598,51.997,3514.395,170.048,0,0,0,,,,5,0.322,0.343,32,44.28,9,54.113,,,,0.161
3/28/2019 10:07:38.947000000 AM,2,1553784454.0,pmd,1553785658368,False,3,23054630000,11527289800,729.083,413.632,12516.418,52.538,209.77599999999998,83.206,904.866,3521.09,173.855,0,0,0,,,,5,0.338,0.409,32,33.719,8,43.886,,,,0.169
3/28/2019 10:07:44.472000000 AM,2,1553784454.0,pmd,1553785663910,False,3,23054027200,11527017600,753.536,425.385,13092.133,52.847,43.198,32.799,44.798,3561.125,167.397,0,0,0,,,,5,0.331,0.364,32,31.832,9,40.943,,,,0.166
3/28/2019 10:07:49.852000000 AM,2,1553784454.0,pmd,1553785669272,False,3,23054985200,11527495600,737.438,419.007,13040.196,52.95,52.961,41.601,60.001,3524.832,165.727,0,0,0,,,,5,0.307,0.328,32,37.28,9,48.431000000000004,,,,0.153
3/28/2019 10:07:55.348000000 AM,2,1553784454.0,pmd,1553785674765,False,3,22907216800,11453590000,716.443,400.169,12703.764,52.412,133.27599999999998,94.397,1141.567,3551.258,129.299,0,0,0,,,,5,0.33,0.367,32,38.035,9,49.052,,,,0.165
3/28/2019 10:08:00.848000000 AM,2,1553784454.0,pmd,1553785680253,False,3,22907216800,11453590000,716.443,400.169,12269.161,53.152,402.736,98.404,2682.503,3558.836,164.954,0,0,0,,,,5,0.32,0.333,32,49.274,9,61.861,,,,0.16
3/28/2019 10:08:06.416000000 AM,2,1553784454.0,pmd,1553785685849,False,3,23055198400,11527595000,729.522,415.002,13023.081,49.212,49.120000000000005,59.599,86.399,3565.486,150.572,0,0,0,,,,5,0.313,0.334,32,39.912000000000006,9,46.711000000000006,,,,0.157
3/28/2019 10:08:11.790000000 AM,2,1553784454.0,pmd,1553785691224,False,3,23047115200,11523549600,692.535,370.748,11882.647,46.92,356.48100000000005,93.6,1650.402,3533.941,146.45,0,0,0,,,,5,0.306,0.325,32,38.729,9,44.845000000000006,,,,0.153
3/28/2019 10:08:17.117000000 AM,2,1553784454.0,pmd,1553785696525,False,3,23055362600,11527668800,692.421,376.037,12685.603,47.969,52,53.6,90.401,3551.621,152.723,0,0,0,,,,5,0.306,0.318,32,52.007999999999996,9,61.284,,,,0.153
3/28/2019 10:08:22.242000000 AM,2,1553784454.0,pmd,1553785701636,False,3,23055207300,11527608000,699.158,382.354,13502.862,50.293,66.72,52,69.6,3556.34,147.334,0,0,0,,,,5,0.328,0.359,32,51.199,8,71.84599999999999,,,,0.164
3/28/2019 10:08:27.775000000 AM,2,1553784454.0,pmd,1553785707194,False,3,23055331400,11527647200,667.472,368.492,12289.937,51.055,154.40200000000002,117.601,908.011,3551.34,147.397,0,0,0,,,,5,0.313,0.325,32,37.666,9,53.105,,,,0.157
3/28/2019 10:08:33.215000000 AM,2,1553784454.0,pmd,1553785712621,False,3,23055139000,11527578000,688.13,382.183,12943.992,48.284,44.639,47.999,223.997,3509.098,142.157,0,0,0,,,,5,0.326,0.364,32,49.81,9,59.929,,,,0.163
3/28/2019 10:08:38.433000000 AM,2,1553784454.0,pmd,1553785717854,False,3,23055139000,11527578000,688.13,382.183,13581.557,46.716,51.999,46.399,59.999,3531.414,111.476,0,0,0,,,,5,0.311,0.333,32,36.431,9,47.253,,,,0.155
3/28/2019 10:08:43.616000000 AM,2,1553784454.0,pmd,1553785723038,False,3,23055289600,11527641400,673.051,360.738,12988.161,47.373,139.83999999999997,75.2,528.002,3546.324,132.821,0,0,0,,,,5,0.335,0.374,32,43.086,8,50.63,,,,0.168
3/28/2019 10:08:48.951000000 AM,2,1553784454.0,pmd,1553785728386,False,3,23055506400,11527740800,659.593,352.996,12304.486,47.701,64.16,52.8,220.002,3551.699,132.425,0,0,0,,,,5,0.322,0.357,32,37.18,9,43.62,,,,0.161
3/28/2019 10:08:54.323000000 AM,2,1553784454.0,pmd,1553785733742,False,3,23055506400,11527740800,659.593,352.996,12837.351,44.018,49.28,40,71.201,3517.375,122.668,0,0,0,,,,5,0.321,0.364,32,36.515,9,46.699,,,,0.161
3/28/2019 10:08:59.344000000 AM,2,1553784454.0,pmd,1553785738775,False,3,23055377000,11527685600,661.164,346.701,13407.514,46.197,112.959,78.399,931.988,3561.324,132.921,0,0,0,,,,5,0.313,0.342,32,29.093999999999998,8,38.792,,,,0.157
3/28/2019 10:09:04.606000000 AM,2,1553784454.0,pmd,1553785744049,False,3,23054587400,11527281600,645.076,347.288,13515.664,43.511,111.841,93.6,1004.003,3528.945,124.054,0,0,0,,,,5,0.308,0.345,32,32.216,9,37.242,,,,0.154
3/28/2019 10:09:10.129000000 AM,2,1553784454.0,pmd,1553785749568,False,3,23054426000,11527198000,611.008,312.685,12686.806,42.018,306.554,108.798,3911.123,3532.707,111.972,0,0,0,,,,5,0.311,0.336,32,34.437000000000005,9,40.111000000000004,,,,0.155
3/28/2019 10:09:15.449000000 AM,2,1553784454.0,pmd,1553785754878,False,3,23054426000,11527198000,611.008,312.685,13272.141,37.87,50.081,33.601,44.801,3563.27,104.644,0,0,0,,,,5,0.321,0.364,32,40.536,9,47.696000000000005,,,,0.161
3/28/2019 10:09:20.732000000 AM,2,1553784454.0,pmd,1553785760175,False,3,23055008200,11527509600,605.715,302.804,13955.969,41.95,55.68,36,48.8,3550.234,87.642,0,0,0,,,,5,0.317,0.352,32,31.199,9,36.956999999999994,,,,0.159
3/28/2019 10:09:25.857000000 AM,2,1553784454.0,pmd,1553785765268,False,3,23055224600,11527593800,634.763,330.41,14324.437,39.888,124.001,81.601,1468.816,3559.934,103.038,0,0,0,,,,5,0.296,0.348,32,44.94,9,56.116,,,,0.148
3/28/2019 10:09:31.166000000 AM,2,1553784454.0,pmd,1553785770589,False,3,23055272800,11527614400,628.981,321.032,12172.759,41.673,203.516,87.198,1707.963,3550.297,102.693,0,0,0,,,,5,0.302,0.335,32,43.752,9,53.636,,,,0.151
3/28/2019 10:09:36.544000000 AM,2,1553784454.0,pmd,1553785775953,False,3,23055272800,11527614400,628.981,321.032,13865.183,39.098,76.641,61.201,703.621,3540.355,100.204,0,0,0,,,,5,0.316,0.348,32,46.529,9,58.272999999999996,,,,0.158
3/28/2019 10:09:41.789000000 AM,2,1553784454.0,pmd,1553785781221,False,3,23055217600,11527592600,606.353,313.439,14351.111,39.342,54.72,44,60.8,3528.785,100.834,0,0,0,,,,5,0.3,0.335,32,31.061,9,38.18,,,,0.15
3/28/2019 10:09:47.050000000 AM,2,1553784454.0,pmd,1553785786475,False,3,23054228800,11527098600,627.752,308.355,12935.37,38.653,352.96,89.6,4028.005,3568.395,93.487,0,0,0,,,,5,0.309,0.357,32,35.69,9,45.518,,,,0.154
3/28/2019 10:09:52.354000000 AM,2,1553784454.0,pmd,1553785791778,False,3,23055197600,11527595800,612.918,299.09,13295.547,36.612,53.439,43.199,66.399,3529.293,93.522,0,0,0,,,,5,0.315,0.352,32,33.194,9,42.971000000000004,,,,0.158
3/28/2019 10:09:57.817000000 AM,2,1553784454.0,pmd,1553785797230,False,3,23054914800,11527450400,591.677,302.079,14040.78,35.453,51.841,43.201,56.001,3548.262,86.412,0,0,0,,,,5,0.314,0.357,32,49.516,9,57.978,,,,0.157
3/28/2019 10:10:03.048000000 AM,2,1553784454.0,pmd,1553785802461,False,3,23055277600,11527622200,575.535,266.485,13504.936,35.782,122.881,88.001,1018.41,3525.508,63.118,0,0,0,,,,5,0.322,0.383,32,43.397999999999996,9,54.489999999999995,,,,0.161
3/28/2019 10:10:08.276000000 AM,2,1553784454.0,pmd,1553785807700,False,3,23055312400,11527648000,568.879,255.892,13978.737,31.448,349.116,87.999,3364.753,3561.617,79.838,0,0,0,,,,5,0.304,0.332,32,33.342,9,43.231,,,,0.152
3/28/2019 10:10:13.406000000 AM,2,1553784454.0,pmd,1553785812818,False,3,23055312400,11527648000,568.879,255.892,14770.381,32.085,64,57.6,101.601,3527.953,77.258,0,0,0,,,,5,0.301,0.346,32,43.739,9,53.29,,,,0.15
3/28/2019 10:10:18.864000000 AM,2,1553784454.0,pmd,1553785818278,False,3,23055079000,11527528800,572.214,262.104,13981.549,33.105,52.001,42.401,60.001,3558.875,80.112,0,0,0,,,,5,0.307,0.33,32,44.732,9,56.326,,,,0.153
3/28/2019 10:10:24.229000000 AM,2,1553784454.0,pmd,1553785823644,False,3,23054432000,11527205200,547.498,242.429,13580.826,30.812,225.913,75.197,654.377,3517.102,69.899,0,0,0,,,,5,0.311,0.34,32,43.405,9,52.651,,,,0.155
3/28/2019 10:10:29.541000000 AM,2,1553784454.0,pmd,1553785828956,False,3,23055444800,11527721400,559.389,237.799,13669.019,31.749,38.881,33.601,44.801,3551.039,74.64,0,0,0,,,,5,0.32,0.388,32,45.753,9,55.202,,,,0.16
3/28/2019 10:10:34.605000000 AM,2,1553784454.0,pmd,1553785834047,False,3,23055444800,11527721400,559.389,237.799,14526.733,30.044,68.477,49.598,69.597,3530.141,68.688,0,0,0,,,,5,0.308,0.349,32,30.307000000000002,9,35.708999999999996,,,,0.154
3/28/2019 10:10:39.805000000 AM,2,1553784454.0,pmd,1553785839237,False,3,23052560400,11526264400,542.571,233.563,14342.116,29.496,99.203,87.203,565.617,3511.332,66.326,0,0,0,,,,5,0.309,0.349,32,40.607,9,46.806,,,,0.154
3/28/2019 10:10:45.053000000 AM,2,1553784454.0,pmd,1553785844465,False,3,23055529200,11527741200,537.774,235.43,13621.695,31.995,347.684,93.601,3591.243,3541.582,59.997,0,0,0,,,,5,0.304,0.334,32,44.907999999999994,9,54.855000000000004,,,,0.152
3/28/2019 10:10:50.263000000 AM,2,1553784454.0,pmd,1553785849687,False,3,23055529200,11527741200,537.774,235.43,12830.465,29.252,50.4,47.2,91.2,3527.957,63.487,0,0,0,,,,5,0.293,0.305,32,41.331,9,48.36300000000001,,,,0.146
3/28/2019 10:10:55.398000000 AM,2,1553784454.0,pmd,1553785854825,False,3,23045228800,11522614400,549.271,240.474,14371.916,28.137,67.521,44.8,62.4,3555.734,64.748,0,0,0,,,,5,0.302,0.347,32,34.914,9,43.801,,,,0.151
3/28/2019 10:11:00.696000000 AM,2,1553784454.0,pmd,1553785860117,False,3,23055249600,11527609000,503.738,217.738,14180.752,29.395,97.439,83.2,723.998,3546.484,59.847,0,0,0,,,,5,0.308,0.347,32,34.681,9,44.78,,,,0.154
3/28/2019 10:11:06.071000000 AM,2,1553784454.0,pmd,1553785865493,False,3,23055190000,11527592600,525.889,226.098,13442.206,30.972,194.392,74.396,829.552,3562.449,63.371,0,0,0,,,,5,0.329,0.378,32,37.809000000000005,9,47.999,,,,0.165
3/28/2019 10:11:11.290000000 AM,2,1553784454.0,pmd,1553785870644,False,3,23055190000,11527592600,525.889,226.098,13410.972,27.413,49.762,52.802,104.805,3547.973,61.023,0,0,0,,,,5,0.318,0.401,32,117.12599999999999,9,123.70299999999999,,,,0.159
3/28/2019 10:11:16.615000000 AM,2,1553784454.0,pmd,1553785876028,False,3,23054191400,11527088000,528.169,223.282,14705.827,27.081,68.321,76.002,465.609,3550.066,54.394,0,0,0,,,,5,0.322,0.405,32,46.777,9,56.592000000000006,,,,0.161
3/28/2019 10:11:22.002000000 AM,2,1553784454.0,pmd,1553785881421,False,3,23055275200,11527625800,519.834,217.852,13028.172,27.309,73.276,81.596,549.57,3508.246,54.53,0,0,0,,,,5,0.303,0.326,32,36.948,9,48.260999999999996,,,,0.151
3/28/2019 10:11:27.457000000 AM,2,1553784454.0,pmd,1553785886896,False,3,23055272000,11527626000,543.229,236.38,13070.28,24.564,177.769,83.204,1184.858,3554.637,40.45,0,0,0,,,,5,0.312,0.345,32,35.366,9,40.803,,,,0.156
3/28/2019 10:11:32.685000000 AM,2,1553784454.0,pmd,1553785892099,False,3,23055293800,11527635000,470.006,193.781,14755.48,27.176,46.4,40.8,52.8,3547.898,52.169,0,0,0,,,,5,0.309,0.343,32,44.902,9,53.946,,,,0.154
3/28/2019 10:11:37.829000000 AM,2,1553784454.0,pmd,1553785897252,False,3,23052920600,11526445600,505.85,204.947,13296.989,24.72,73.749,75.988,907.862,3547.629,45.162,0,0,0,,,,5,0.293,0.33,32,35.266,9,46.233999999999995,,,,0.146
3/28/2019 10:11:42.991000000 AM,2,1553784454.0,pmd,1553785902409,False,3,23055555000,11527769600,480.488,192.162,13666.859,23.12,273.95,88.81,3526.778,3524.77,45.119,0,0,0,,,,5,0.285,0.301,32,41.448,9,50.967,,,,0.142
3/28/2019 10:11:48.474000000 AM,2,1553784454.0,pmd,1553785907893,False,3,23055555000,11527769600,480.488,192.162,14052.468,24.234,54.723,52.003,77.605,3554.98,44.702,0,0,0,,,,5,0.31,0.37,32,38.979,9,49.065,,,,0.155
3/28/2019 10:11:53.694000000 AM,2,1553784454.0,pmd,1553785913103,False,3,23055083800,11527524600,463.242,178.691,13929.052,26.465,188.959,84,1087.196,3553.078,47.493,0,0,0,,,,5,0.299,0.343,32,46.446,9,57.931000000000004,,,,0.149
3/28/2019 10:11:59.109000000 AM,2,1553784454.0,pmd,1553785918545,False,3,23055312000,11527647000,493.314,194.544,13457,26.315,48.319,40.799,51.198,3538.969,47.971,0,0,0,,,,5,0.305,0.335,32,37.061,9,42.198,,,,0.152
3/28/2019 10:12:04.158000000 AM,2,1553784454.0,pmd,1553785923581,False,3,23054745800,11527372200,446.309,173.646,12697.016,22.362,52.801,52.801,66.401,3552.473,42.858,0,0,0,,,,5,0.305,0.364,32,41.698,9,47.940000000000005,,,,0.152
3/28/2019 10:12:09.666000000 AM,2,1553784454.0,pmd,1553785929081,False,3,23054745800,11527372200,446.309,173.646,7982.287,12.361,83.198,75.198,723.985,3516.23,2.244,0,0,0,,,,5,0.285,0.318,32,36.037,10,44.614000000000004,,,,0.142
3/28/2019 10:12:15.032000000 AM,2,1553784454.0,pmd,1553785934440,False,3,23055192000,11527594400,417.076,120.167,8424.284,11.308,53.92,56,81.601,3519.445,1.606,0,0,0,,,,5,0.282,0.301,32,47.992,10,60.436,,,,0.141
3/28/2019 10:12:20.236000000 AM,2,1553784454.0,pmd,1553785939661,False,3,23054470000,11527236200,410.707,121.867,7466.353,11.93,345.602,103.2,2616.809,3534.098,1.965,0,0,0,,,,5,0.279,0.29,32,35.853,10,45.235,,,,0.14
3/28/2019 10:12:25.744000000 AM,2,1553784454.0,pmd,1553785945158,False,3,23054470000,11527236200,410.707,121.867,7225.576,11.216,51.519,42.4,59.999,3519.414,1.931,0,0,0,,,,5,0.284,0.328,32,40.135999999999996,10,54.457,,,,0.142
3/28/2019 10:12:31.229000000 AM,2,1553784454.0,pmd,1553785950660,False,3,23054951800,11527475600,416.296,121.345,7859.851,11.502,44.64,52.8,68,3518.332,1.233,0,0,0,,,,5,0.287,0.309,32,39.601,10,46.782,,,,0.143
3/28/2019 10:12:36.717000000 AM,2,1553784454.0,pmd,1553785956127,False,3,23054971600,11527483200,385.353,113.838,7389.531,11.422,53.44,44.8,64.001,3525.352,1.301,0,0,0,,,,5,0.273,0.289,32,46.029,10,56.677,,,,0.137
3/28/2019 10:12:42.020000000 AM,2,1553784454.0,pmd,1553785961430,False,3,23055182800,11527587000,391.681,116.076,6848.414,11.393,338.879,96.8,3235.192,3543.16,1.33,0,0,0,,,,5,0.269,0.278,32,44.716,10,54.583,,,,0.135
3/28/2019 10:12:47.347000000 AM,2,1553784454.0,pmd,1553785966763,False,3,23055190400,11527597600,405.265,117.967,7564.728,11.547,55.2,40,58.4,3516.863,1.108,0,0,0,,,,5,0.282,0.312,32,35.016,10,51.838,,,,0.141
3/28/2019 10:12:52.729000000 AM,2,1553784454.0,pmd,1553785972139,False,3,23055114600,11527565400,408.398,118.859,8242.427,11.983,44.48,49.6,57.6,3527.715,1.522,0,0,0,,,,5,0.276,0.29,32,45.858000000000004,10,55.573,,,,0.138
3/28/2019 10:12:58.261000000 AM,2,1553784454.0,pmd,1553785977671,False,3,23049732000,11524866800,415.693,119.087,7140.054,10.961,58.88,73.6,544.8,3547.93,1.437,0,0,0,,,,5,0.284,0.333,32,45.896,10,58.897,,,,0.142
3/28/2019 10:13:03.476000000 AM,2,1553784454.0,pmd,1553785982882,False,3,23049732000,11524866800,415.693,119.087,6693.102,11.582,170.56,80,448.8,3563.016,1.061,0,0,0,,,,5,0.264,0.271,32,46.633,10,57.092,,,,0.132
3/28/2019 10:13:08.737000000 AM,2,1553784454.0,pmd,1553785988142,False,3,23055256200,11527625800,415.797,114.682,8001.522,11.553,55.039,45.599,60.799,3546.164,1.184,0,0,0,,,,5,0.277,0.295,32,48.793000000000006,10,61.771,,,,0.139
3/28/2019 10:13:14.083000000 AM,2,1553784454.0,pmd,1553785993508,False,3,23054732000,11527362400,408.208,120.753,7272.62,11.821,227.841,91.2,1264.004,3546.004,1.163,0,0,0,,,,5,0.276,0.312,32,44.903999999999996,10,50.659000000000006,,,,0.138
3/28/2019 10:13:19.294000000 AM,2,1553784454.0,pmd,1553785998734,False,3,23055263000,11527630400,409.278,119.342,7020.988,10.757,51.841,48.801,66.401,3538.363,1.019,0,0,0,,,,5,0.276,0.296,32,33.165,10,39.07299999999999,,,,0.138
3/28/2019 10:13:24.516000000 AM,2,1553784454.0,pmd,1553786003936,False,3,23055263000,11527630400,409.278,119.342,8145.606,11.773,46.4,52.8,68,3507.66,1.176,0,0,0,,,,5,0.278,0.308,32,35.364,10,44.828,,,,0.139
3/28/2019 10:13:29.551000000 AM,2,1553784454.0,pmd,1553786008964,False,3,23055139200,11527566600,422.305,122.262,8091.325,11.953,164.64,139.2,1226.4,3552.609,1.063,0,0,0,,,,5,0.267,0.283,32,40.597,9,52.251,,,,0.134
3/28/2019 10:13:34.959000000 AM,2,1553784454.0,pmd,1553786014389,False,3,23046021200,11523005000,398.213,117.203,7241.461,11.725,54.24,48,80.8,3529.949,0.987,0,0,0,,,,5,0.276,0.313,32,37.343,10,45.778,,,,0.138
3/28/2019 10:13:40.454000000 AM,2,1553784454.0,pmd,1553786019887,False,3,23046021200,11523005000,398.213,117.203,7220.292,10.62,176.156,71.998,703.184,3534.762,1.097,0,0,0,,,,5,0.279,0.31,32,40.231,10,45.774,,,,0.14
3/28/2019 10:13:45.471000000 AM,2,1553784454.0,pmd,1553786024899,False,3,23054961400,11527484600,396.613,111.235,8098.415,11.77,44.481,54.401,98.402,3535.863,0.991,0,0,0,,,,5,0.295,0.336,32,39.976,9,48.815999999999995,,,,0.147
3/28/2019 10:13:50.635000000 AM,2,1553784454.0,pmd,1553786030049,False,3,23054981400,11527498000,392.764,116.031,7855.34,11.937,244.8,87.2,1592.005,3542.473,1.004,0,0,0,,,,5,0.277,0.303,32,40.372,10,51.344,,,,0.139
3/28/2019 10:13:55.977000000 AM,2,1553784454.0,pmd,1553786035402,False,3,23044904200,11522450600,415.88,119.23,7674.853,11.57,54.72,45.6,57.6,3524.246,1.123,0,0,0,,,,5,0.275,0.295,32,34.251999999999995,10,43.88,,,,0.138
3/28/2019 10:14:01.336000000 AM,2,1553784454.0,pmd,1553786040693,False,3,23044904200,11522450600,415.88,119.23,7099.908,11.004,245.756,72.799,879.989,3551.355,1.049,0,0,0,,,,5,0.282,0.303,32,113.599,10,119.583,,,,0.141
3/28/2019 10:14:06.694000000 AM,2,1553784454.0,pmd,1553786046102,False,3,23054651600,11527323600,407.096,118.74,7868.662,11.422,53.12,47.2,62.4,3530.133,1.16,0,0,0,,,,5,0.271,0.293,32,47.889,10,59.272,,,,0.136
3/28/2019 10:14:12.191000000 AM,2,1553784454.0,pmd,1553786051585,False,3,23055101100,11527550600,402.555,116.244,6042.585,10.696,59.84,72.001,322.403,3538.711,0.983,0,0,0,,,,5,0.279,0.304,32,61.534,10,72.283,,,,0.14
3/28/2019 10:14:17.533000000 AM,2,1553784454.0,pmd,1553786056944,False,3,23054966200,11527487200,395.457,112.453,7715.041,11.64,335.667,90.396,2949.467,3540.887,0.873,0,0,0,,,,5,0.282,0.315,32,42.937000000000005,10,55.213,,,,0.141
3/28/2019 10:14:22.962000000 AM,2,1553784454.0,pmd,1553786062381,False,3,23055163600,11527589200,413.629,111.821,7683.746,11.453,52.001,60.802,83.202,3557.703,1.148,0,0,0,,,,5,0.28,0.302,32,40.289,10,48.067,,,,0.14
3/28/2019 10:14:28.162000000 AM,2,1553784454.0,pmd,1553786067571,False,3,23055085400,11527541200,418.014,116.748,6776.357,11.376,54.879,40.8,53.599,3534.34,13.156,0,0,0,,,,5,0.279,0.301,32,46.623,10,58.374,,,,0.14
3/28/2019 10:14:33.624000000 AM,2,1553784454.0,pmd,1553786073065,False,3,23042198600,11521097400,405.933,119.427,6928.965,10.818,343.528,104.002,2442.452,3562.629,13.1,0,0,0,,,,5,0.291,0.312,32,33.959999999999994,10,38.824999999999996,,,,0.145
3/28/2019 10:14:38.858000000 AM,2,1553784454.0,pmd,1553786078268,False,3,23042198600,11521097400,405.933,119.427,8200.446,11.491,55.039,45.599,61.599,3526.438,5.174,0,0,0,,,,5,0.27,0.286,32,42.208000000000006,10,55.193,,,,0.135
3/28/2019 10:14:44.374000000 AM,2,1553784454.0,pmd,1553786083785,False,3,23054537600,11527270800,412.036,120.419,7282.375,11.441,44.321,45.601,59.201,3538.91,4.979,0,0,0,,,,5,0.282,0.305,32,46.812,10,56.724999999999994,,,,0.141
3/28/2019 10:14:49.856000000 AM,2,1553784454.0,pmd,1553786089278,False,3,23055147000,11527572800,407.283,119.496,7293.249,11.797,188.957,87.199,590.391,3536.195,1.021,0,0,0,,,,5,0.286,0.312,32,34.38,10,45.916,,,,0.143
3/28/2019 10:14:55.079000000 AM,2,1553784454.0,pmd,1553786094500,False,3,23055147000,11527572800,407.283,119.496,6656.862,10.954,49.441,41.601,55.201,3556.094,1.122,0,0,0,,,,5,0.276,0.308,32,36.76,10,47.6,,,,0.138
3/28/2019 10:15:00.233000000 AM,2,1553784454.0,pmd,1553786099666,False,3,23054905400,11527450200,405.909,114.287,8322.421,11.622,63.04,84,327.2,3535.992,5.012,0,0,0,,,,5,0.269,0.287,32,37.183,10,44.703,,,,0.135
3/28/2019 10:15:05.616000000 AM,2,1553784454.0,pmd,1553786105032,False,3,23055123800,11527557600,414.244,121.74,8158.233,11.749,298.559,83.199,2811.982,3544.785,1.067,0,0,0,,,,5,0.272,0.295,32,41.119,10,52.308,,,,0.136
3/28/2019 10:15:10.976000000 AM,2,1553784454.0,pmd,1553786110399,False,3,23055082600,11527544600,398.733,117.959,7159.538,11.278,56.16,59.2,90.4,3525.961,1.102,0,0,0,,,,5,0.278,0.302,32,35.195,10,46.567,,,,0.139
3/28/2019 10:15:16.437000000 AM,2,1553784454.0,pmd,1553786115852,False,3,23055082600,11527544600,398.733,117.959,7327.97,11.458,109.92,57.2,220,3552.637,0.988,0,0,0,,,,5,0.291,0.319,32,47.541,10,64.411,,,,0.145
3/28/2019 10:15:21.559000000 AM,2,1553784454.0,pmd,1553786120962,False,3,23055223400,11527608000,402.559,119.888,7585.841,11.747,86.082,62.001,478.009,3560.203,1.619,0,0,0,,,,5,0.283,0.302,32,49.126999999999995,9,62.995999999999995,,,,0.141
3/28/2019 10:15:26.931000000 AM,2,1553784454.0,pmd,1553786126340,False,3,23055166400,11527583600,404.797,112.776,6562.289,10.982,212.636,71.999,727.187,3516.539,3.928,0,0,0,,,,5,0.284,0.314,32,65.145,10,70.73599999999999,,,,0.142
3/28/2019 10:15:32.344000000 AM,2,1553784454.0,pmd,1553786131756,False,3,23055167400,11527580800,421.196,119.485,7697.008,11.485,44.8,48,61.6,3526.582,1.074,0,0,0,,,,5,0.276,0.291,32,45.338,10,56.03,,,,0.138
3/28/2019 10:15:37.520000000 AM,2,1553784454.0,pmd,1553786136960,False,3,23052739000,11526365900,419.787,118.234,7494.256,11.649,53.119,50.399,67.999,3535.598,1.139,0,0,0,,,,5,0.314,0.408,32,32.562,9,38.737,,,,0.157
3/28/2019 10:15:42.892000000 AM,2,1553784454.0,pmd,1553786142306,False,3,23054995400,11527495600,388.127,113.513,6609.332,11.86,95.681,125.601,2850.431,3521.871,0.837,0,0,0,,,,5,0.276,0.296,32,40.057,10,49.814,,,,0.138
3/28/2019 10:15:48.273000000 AM,2,1553784454.0,pmd,1553786147690,False,3,23054995400,11527495600,388.127,113.513,7368.749,10.791,185.28,72.8,2149.596,3536.727,0.97,0,0,0,,,,5,0.278,0.295,32,40.152,10,52.217,,,,0.139
3/28/2019 10:15:53.639000000 AM,2,1553784454.0,pmd,1553786153059,False,3,23054906400,11527461000,403.27,117.783,7895.958,11.608,54.56,43.2,61.6,3546.887,1.15,0,0,0,,,,5,0.276,0.303,32,45.532999999999994,10,53.391,,,,0.138
3/28/2019 10:15:59.120000000 AM,2,1553784454.0,pmd,1553786158557,False,3,23055163200,11527582200,413.083,116.96,8275.921,11.859,172,84.778,739.009,3547.047,1.035,0,0,0,,,,5,0.293,0.322,32,32.349999999999994,10,41.717999999999996,,,,0.146
3/28/2019 10:16:04.340000000 AM,2,1553784454.0,pmd,1553786163767,False,3,23054811400,11527403400,393.844,113.283,7256.154,11.168,56,49.613,67.217,3517.68,1.059,0,0,0,,,,5,0.269,0.288,32,34.102000000000004,10,43.262,,,,0.135
3/28/2019 10:16:09.754000000 AM,2,1553784454.0,pmd,1553786169186,False,3,23054811400,11527403400,393.844,113.283,6931.667,11.373,91.998,72.799,1219.978,3550.344,1.151,0,0,0,,,,5,0.282,0.305,32,38.007,10,44.63,,,,0.141
3/28/2019 10:16:15.151000000 AM,2,1553784454.0,pmd,1553786174560,False,3,23054951200,11527472000,404.76,114.164,7798.303,11.374,186.241,75.2,530.402,3512.742,0.966,0,0,0,,,,5,0.283,0.303,32,46.082,10,56.755,,,,0.141
3/28/2019 10:16:20.522000000 AM,2,1553784454.0,pmd,1553786179932,False,3,23055186800,11527597600,409.736,119.21,7730.039,11.554,45.759,51.999,63.199,3522.383,0.962,0,0,0,,,,5,0.277,0.3,32,47.717000000000006,10,56.945,,,,0.139
3/28/2019 10:16:25.799000000 AM,2,1553784454.0,pmd,1553786185216,False,3,23055238000,11527615600,398.152,115.444,6444.041,10.649,166.245,88.003,709.621,3536.176,1.143,0,0,0,,,,5,0.284,0.35,32,31.648000000000003,10,40.021,,,,0.142
3/28/2019 10:16:31.292000000 AM,2,1553784454.0,pmd,1553786190723,False,3,23055238000,11527615600,398.152,115.444,7377.185,11.366,54.721,42.39,59.186,3547.898,1.003,0,0,0,,,,5,0.277,0.296,32,40.673,10,46.498999999999995,,,,0.139
3/28/2019 10:16:36.630000000 AM,2,1553784454.0,pmd,1553786196044,False,3,23054813600,11527406400,399.028,114.263,6791.941,11.967,60.001,77.601,366.406,3532.387,1.153,0,0,0,,,,5,0.284,0.312,32,44.144000000000005,10,55.199,,,,0.142
3/28/2019 10:16:41.914000000 AM,2,1553784454.0,pmd,1553786201352,False,3,23054980600,11527489400,401.012,120.481,6699.755,10.753,107.041,63.2,403.201,3558.309,0.987,0,0,0,,,,5,0.271,0.286,32,32.402,10,39.940999999999995,,,,0.136
3/28/2019 10:16:47.343000000 AM,2,1553784454.0,pmd,1553786206754,False,3,23055217600,11527611000,404.806,116.83,7501.166,11.458,56.16,46.4,61.6,3526.148,0.997,0,0,0,,,,5,0.282,0.313,32,43.713,10,53.998,,,,0.141
3/28/2019 10:16:52.762000000 AM,2,1553784454.0,pmd,1553786212158,False,3,23055167600,11527582800,404.422,113.308,7588.541,11.732,62.88,76.8,363.999,3528.824,1.102,0,0,0,,,,5,0.282,0.312,32,61.204,10,72.352,,,,0.141
3/28/2019 10:16:58.024000000 AM,2,1553784454.0,pmd,1553786217462,False,3,23055217800,11527606800,403.552,115.414,6942.785,11.884,60.959,72.799,401.592,3538.523,1.101,0,0,0,,,,5,0.268,0.282,32,30.485000000000003,10,36.474,,,,0.134
3/28/2019 10:17:03.084000000 AM,2,1553784454.0,pmd,1553786222521,False,3,23055217800,11527606800,403.552,115.414,7376.456,10.849,333.607,100.802,3968.083,3538.652,1.071,0,0,0,,,,5,0.268,0.288,32,35.857,10,41.421,,,,0.134
3/28/2019 10:17:08.498000000 AM,2,1553784454.0,pmd,1553786227898,False,3,23054986400,11527488600,429.986,120.85,7860.124,11.856,55.04,44.8,65.6,3507.586,1.031,0,0,0,,,,5,0.285,0.339,32,53.313,10,64.191,,,,0.142
3/28/2019 10:17:13.766000000 AM,2,1553784454.0,pmd,1553786233189,False,3,23055227600,11527618000,404.434,110.728,7599.72,11.63,44.8,48,60,3527.453,0.994,0,0,0,,,,5,0.277,0.294,32,44.083,10,50.95,,,,0.139
3/28/2019 10:17:19.158000000 AM,2,1553784454.0,pmd,1553786238588,False,3,23055143000,11527574600,423.311,122.39,7228.459,11.934,59.68,94.399,409.597,3549.879,1.005,0,0,0,,,,5,0.287,0.313,32,41.084,10,46.781000000000006,,,,0.143
3/28/2019 10:17:24.582000000 AM,2,1553784454.0,pmd,1553786243989,False,3,23055143000,11527574600,423.311,122.39,7299.707,10.61,340.955,82.399,2419.957,3515.879,1.118,0,0,0,,,,5,0.272,0.289,32,42.559,10,54.971,,,,0.136
3/28/2019 10:17:29.683000000 AM,2,1553784454.0,pmd,1553786249118,False,3,23054951600,11527475000,424.717,118.613,7513.152,11.732,45.76,44.8,56,3540.375,1.079,0,0,0,,,,5,0.274,0.294,32,34.075,10,41.484,,,,0.137
3/28/2019 10:17:35.075000000 AM,2,1553784454.0,pmd,1553786254491,False,3,23040920800,11520458000,427.064,120.579,7905.672,11.779,53.92,51.2,66.4,3551.336,1.071,0,0,0,,,,5,0.28,0.308,32,42.436,10,52.269999999999996,,,,0.14
3/28/2019 10:17:40.515000000 AM,2,1553784454.0,pmd,1553786259937,False,3,23054962600,11527477000,409.555,115.45,7001.105,11.174,63.841,83.201,650.41,3522.422,1.11,0,0,0,,,,5,0.284,0.328,32,33.705,10,45.052,,,,0.142
3/28/2019 10:17:45.574000000 AM,2,1553784454.0,pmd,1553786264985,False,3,23054962600,11527477000,409.555,115.45,7024.197,11.305,108.32,58.4,667.201,3530.684,1.011,0,0,0,,,,5,0.277,0.323,32,43.471999999999994,9,55.364,,,,0.139
3/28/2019 10:17:50.785000000 AM,2,1553784454.0,pmd,1553786270195,False,3,23054722000,11527362200,415.006,113.43,7767.832,11.731,54.88,59.2,149.6,3543.688,0.975,0,0,0,,,,5,0.273,0.309,32,44.388,10,55.881,,,,0.137
3/28/2019 10:17:55.921000000 AM,2,1553784454.0,pmd,1553786275330,False,3,23054639200,11527316800,411.099,118.087,6907.355,11.637,55.04,50.4,83.2,3519.992,1.062,0,0,0,,,,5,0.276,0.308,32,47.684999999999995,10,58.63,,,,0.138
3/28/2019 10:18:01.239000000 AM,2,1553784454.0,pmd,1553786280655,False,3,23051506200,11525752000,419.018,125.59,7186.611,11.092,48.479,65.599,623.19,3543.539,1.09,0,0,0,,,,5,0.283,0.339,32,40.699,10,48.695,,,,0.141
3/28/2019 10:18:06.569000000 AM,2,1553784454.0,pmd,1553786285981,False,3,23051506200,11525752000,419.018,125.59,8129.246,11.626,159.201,93.601,1505.613,3526.188,1.059,0,0,0,,,,5,0.296,0.337,32,43.861999999999995,9,53.89,,,,0.148
3/28/2019 10:18:11.838000000 AM,2,1553784454.0,pmd,1553786291266,False,3,23054726600,11527372800,389.246,110.336,7345.693,11.811,55.681,52.001,68.801,3514.473,1.014,0,0,0,,,,5,0.28,0.307,32,40.461999999999996,10,47.302,,,,0.14
3/28/2019 10:18:17.151000000 AM,2,1553784454.0,pmd,1553786296501,False,3,23054734400,11527369200,415.594,114.773,7441.077,10.805,161.6,86.4,743.201,3538.09,0.968,0,0,0,,,,5,0.274,0.304,32,109.35799999999999,10,118.786,,,,0.137
3/28/2019 10:18:22.526000000 AM,2,1553784454.0,pmd,1553786301941,False,3,23054752000,11527376600,418.651,117.698,8471.682,11.754,56.319,41.599,52.799,3511.637,1.153,0,0,0,,,,5,0.273,0.294,32,44.216,10,54.413999999999994,,,,0.137
3/28/2019 10:18:27.946000000 AM,2,1553784454.0,pmd,1553786307380,False,3,23055126000,11527560200,389.941,111.864,7871.215,11.925,327.524,163.202,4609.654,3560.172,1.027,0,0,0,,,,5,0.28,0.319,32,33.369,10,41.230000000000004,,,,0.14
3/28/2019 10:18:33.322000000 AM,2,1553784454.0,pmd,1553786312729,False,3,23055124400,11527558400,411.255,118.1,6906.415,10.826,56.479,35.2,48.799,3527.316,0.962,0,0,0,,,,5,0.28,0.299,32,45.541,10,58.53,,,,0.14
3/28/2019 10:18:38.498000000 AM,2,1553784454.0,pmd,1553786317922,False,3,23055124400,11527558400,411.255,118.1,6680.654,11.484,107.2,73.6,696.002,3541.734,1.154,0,0,0,,,,5,0.268,0.274,32,40.076,10,50.791000000000004,,,,0.134
3/28/2019 10:18:43.489000000 AM,2,1553784454.0,pmd,1553786322923,False,3,23055242400,11527625400,410.005,115.988,8341.002,11.796,55.68,51.2,70.4,3525.188,0.989,0,0,0,,,,5,0.287,0.314,32,39.021,9,44.762,,,,0.143
3/28/2019 10:18:48.552000000 AM,2,1553784454.0,pmd,1553786327980,False,3,23054900200,11527447600,384.977,111.823,7085.845,11.525,321.593,111.198,4327.92,3551.316,0.951,0,0,0,,,,5,0.292,0.35,32,37.053999999999995,9,42.952,,,,0.146
3/28/2019 10:18:53.872000000 AM,2,1553784454.0,pmd,1553786333284,False,3,23055160200,11527580200,411.518,116.346,6969.06,10.607,44.321,41.601,52.001,3531.207,1.114,0,0,0,,,,5,0.277,0.305,32,43.616,10,54.080000000000005,,,,0.139
3/28/2019 10:18:59.272000000 AM,2,1553784454.0,pmd,1553786338706,False,3,23055160200,11527580200,411.518,116.346,7424.126,11.813,53.279,50.399,62.399,3537.699,1.046,0,0,0,,,,5,0.274,0.277,32,34.32,10,41.156,,,,0.137
3/28/2019 10:19:04.495000000 AM,2,1553784454.0,pmd,1553786343909,False,3,23043064200,11521529600,395.048,112.298,7499.026,11.733,180.804,86.402,743.215,3549.352,1.084,0,0,0,,,,5,0.269,0.282,32,41.083,10,52.528999999999996,,,,0.135
3/28/2019 10:19:09.532000000 AM,2,1553784454.0,pmd,1553786348945,False,3,23055004600,11527498000,410.539,114.901,7155.27,11.386,56.48,44.8,56,3527.066,1.164,0,0,0,,,,5,0.287,0.338,32,42.013000000000005,9,53.596,,,,0.143
3/28/2019 10:19:15.029000000 AM,2,1553784454.0,pmd,1553786354443,False,3,23055107000,11527553200,396.515,108.679,6517.047,10.745,176.159,71.999,784.792,3525.969,0.987,0,0,0,,,,5,0.296,0.364,32,40.997,10,53.182,,,,0.148
3/28/2019 10:19:20.430000000 AM,2,1553784454.0,pmd,1553786359845,False,3,23055107000,11527553200,396.515,108.679,7833.281,11.688,54.719,49.599,75.999,3535.688,0.859,0,0,0,,,,5,0.285,0.312,32,44.344,10,54.171,,,,0.142
3/28/2019 10:19:25.862000000 AM,2,1553784454.0,pmd,1553786365278,False,3,23055389800,11527692200,409.219,115.604,7840.044,11.803,60.481,90.401,716.012,3531.922,1.167,0,0,0,,,,5,0.283,0.305,32,42.393,10,52.171,,,,0.141
3/28/2019 10:19:31.176000000 AM,2,1553784454.0,pmd,1553786370596,False,3,23045693400,11522846600,405.221,121.372,6888.924,11.728,337.598,113.6,3652.785,3550.539,1.027,0,0,0,,,,5,0.278,0.299,32,39.065999999999995,10,48.716,,,,0.139
3/28/2019 10:19:36.570000000 AM,2,1553784454.0,pmd,1553786376004,False,3,23045693400,11522846600,405.221,121.372,7745.222,11.419,53.441,42.401,51.201,3528.477,1.135,0,0,0,,,,5,0.269,0.282,32,39.016000000000005,10,45.235,,,,0.135
3/28/2019 10:19:41.829000000 AM,2,1553784454.0,pmd,1553786381259,False,3,23054975000,11527490800,398.19,112.509,7917.348,11.817,65.279,82.398,1048.778,3507.285,0.991,0,0,0,,,,5,0.269,0.29,32,38.129000000000005,10,48.63,,,,0.135
3/28/2019 10:19:47.038000000 AM,2,1553784454.0,pmd,1553786386452,False,3,23053503200,11526758200,414.881,117.231,6907.872,11.144,167.845,75.202,638.418,3534.359,1.013,0,0,0,,,,5,0.272,0.298,32,43.405,10,53.772,,,,0.136
3/28/2019 10:19:52.383000000 AM,2,1553784454.0,pmd,1553786391809,False,3,23054921400,11527459600,406.056,114.408,6911.052,11.663,55.994,46.395,72.791,3514.625,1.159,0,0,0,,,,5,0.277,0.297,32,39.965,10,48.50899999999999,,,,0.139